feature,n_survivor,n_nonsurvivor,mean_survivor,mean_nonsurvivor,median_survivor,median_nonsurvivor,mean_difference_nonsurvivor_minus_survivor,standardized_mean_difference,welch_t_statistic,welch_p_value,mannwhitney_u_statistic,mannwhitney_p_value,welch_fdr,mannwhitney_fdr,abs_standardized_mean_difference
GCS_last,6878,1122,12.875793199804539,9.262838878520421,15.0,9.0,-3.6129543212841178,-0.958434019281065,-27.232792689485606,2.598567516954516e-130,1965719.0,6.353421733992741e-180,6.132619340012657e-128,1.499407529222287e-177,0.958434019281065
GCS_median,6878,1122,12.431537203072708,9.51949194803642,14.5,9.0,-2.912045255036288,-0.7801151412209799,-22.50439903243752,1.2423244448108134e-95,2259625.0,8.503568449189007e-122,1.46594284487676e-93,1.0034210770043028e-119,0.7801151412209799
GCS_mean,6878,1122,11.994649067310334,9.464688042706806,12.755952380952383,9.267857142857142,-2.5299610246035282,-0.7376629302379599,-21.161019123703323,4.243689944877273e-86,2372376.5,6.512931527148531e-96,3.338369423303455e-84,3.8426296010176336e-94,0.7376629302379599
GCS_max,6878,1122,13.82974849722198,11.700086465558378,15.0,13.0,-2.1296620316636012,-0.7077541748887906,-19.167046523551292,4.170661803874427e-72,2492826.5,3.346322593848885e-117,2.460690464285912e-70,2.6324404404944564e-115,0.7077541748887906
BUN_last,6878,1122,23.34875775480713,37.25864391903508,18.0,30.0,13.909886164227949,0.618343022832786,17.306076803708343,1.3038118787126968e-60,5315977.0,7.699704963712572e-92,6.1539920675239295e-59,3.634260742872334e-90,0.618343022832786
BUN_mean,6878,1122,23.70605992475934,36.477828938179975,18.0,29.0,12.771769013420634,0.5704491870266521,16.076502764810478,2.8816910832375717e-53,5243845.5,4.2045324000922e-83,1.1334651594067783e-51,1.1025218293575104e-81,0.5704491870266521
BUN_min,6878,1122,20.236735312915602,31.964818534705067,15.0,25.0,11.728083221789465,0.5727155370134831,15.994309702706813,9.692148311238812e-53,5244282.0,3.0672858352655696e-83,3.267638573503371e-51,9.04849321403343e-82,0.5727155370134831
BUN_median,6878,1122,23.637321563788316,36.33437819520979,18.0,28.75,12.697056631421471,0.5631524454507951,15.89486123274115,3.262422180117264e-52,5232989.0,7.321100459318543e-82,9.624145431345929e-51,1.727779708399176e-80,0.5631524454507951
BUN_max,6878,1122,27.28715369979763,41.22367825764362,21.0,34.0,13.936524557845988,0.5598062459134443,15.866333090467645,4.560713830628226e-52,5213755.5,1.1615748769940225e-79,1.195920515586957e-50,2.49210609973263e-78,0.5598062459134443
n_unique_parameters,6878,1122,31.488659494038966,33.68805704099822,32.0,34.0,2.1993975469592506,0.48913999182614426,15.735864680029776,5.604563674217709e-52,4965673.0,4.471342114465077e-54,1.3226770271153793e-50,5.862426327854212e-53,0.48913999182614426
Urine_last,6878,1122,146.24037499515018,88.66573900419526,100.0,55.0,-57.57463599095492,-0.4206462089975607,-15.149801589312213,3.805913209179925e-49,2704288.0,2.452745216290661e-58,8.165413794240567e-48,3.617799194028725e-57,0.4206462089975607
FiO2_count,6878,1122,7.52587961616749,10.889483065953653,7.0,13.0,3.3636034497861633,0.46827917101042993,14.544358703942324,5.970375905392629e-45,4863001.5,4.394489740668682e-46,1.1741739280605503e-43,5.185497893989044e-45,0.46827917101042993
BUN_first,6878,1122,24.211988418897597,35.91926536189003,18.0,27.0,11.70727694299243,0.5000422166262223,14.220561601959362,7.555849104124633e-43,5101113.0,2.77676040285938e-67,1.3716772219795487e-41,4.3687697004987577e-66,0.5000422166262223
MechVent_count,6878,1122,7.181448095376563,10.663992869875223,6.0,13.0,3.4825447744986597,0.46134004299090003,14.001884800482582,6.834282618870192e-42,4826819.5,1.1173523813287555e-43,1.1520647843238323e-40,1.1986143726981196e-42,0.46134004299090003
HCO3_last,6878,1122,24.59703300084017,22.41395212079953,25.0,22.0,-2.1830808800406416,-0.4806341377639555,-13.839518848005921,7.494539894599063e-41,2712784.0,8.963261618869084e-58,1.1791409434169193e-39,1.244311612972414e-56,0.4806341377639555
Na_count,6878,1122,3.282058738005234,4.204099821746881,3.0,4.0,0.9220410837416466,0.465554618970517,13.347054891838951,2.882712899478856e-38,4921840.5,1.154501582834796e-52,4.2520015267313125e-37,1.4340124923632203e-51,0.465554618970517
Glucose_count,6878,1122,3.154114568188427,3.9937611408199643,3.0,3.0,0.8396465726315374,0.4448650820173861,12.809266564071317,1.5035315845232884e-35,4834896.5,1.6193706125705804e-44,2.087255611455859e-34,1.819864116984081e-43,0.4448650820173861
Lactate_missing,6878,1122,0.47564635352201307,0.2896613190730838,0.0,0.0,-0.18598503444892928,-0.389920075380479,-12.545873763952569,1.6737297069324003e-34,3139461.0,2.987077262866178e-31,2.1944456157558136e-33,1.958195094545606e-30,0.389920075380479
Urine_mean,6878,1122,140.40125337030327,95.1477110391853,120.12695434646653,76.37465277777778,-45.25354233111797,-0.4121598420525257,-12.543575233216693,2.3400436022003133e-34,2438051.5,2.7866929139779966e-87,2.906580474311968e-33,9.39513610998296e-86,0.4121598420525257
static_Age,6878,1122,63.51482989241058,70.03832442067736,66.0,74.0,6.523494528266774,0.3895007421271482,12.446298018267226,5.440840990010948e-34,4746069.0,3.565800580369592e-35,6.420192368212919e-33,2.5500876877794662e-34,0.3895007421271482
K_count,6878,1122,3.5196277987787146,4.366310160427807,3.0,4.0,0.8466823616490928,0.4254909860984612,12.405449594226667,1.3900932858585962e-33,4785175.0,9.654001064916033e-40,1.5622000736315652e-32,8.136943754714941e-39,0.4254909860984612
HCO3_min,6878,1122,22.1383571570975,20.105049847624528,22.0,20.0,-2.0333073094729706,-0.4145924629220574,-11.935649259853703,2.6525574381251335e-31,2892576.0,1.4564109821519809e-41,2.845470706352416e-30,1.37485196715147e-40,0.4145924629220574
PaCO2_missing,6878,1122,0.2630774656165511,0.1319073083778966,0.0,0.0,-0.1311701572386545,-0.3341239403919275,-11.491152579402568,1.5210805908875756e-29,3348933.0,1.616672027870597e-21,1.560760954128121e-28,7.630691971549218e-21,0.3341239403919275
PaO2_missing,6878,1122,0.2630776475828866,0.13279857397504458,0.0,0.0,-0.13027907360784202,-0.3315015966359014,-11.387572011318003,4.6525316129042886e-29,3352377.0,3.0461088093152017e-21,4.574989419355884e-28,1.3824647673045916e-20,0.3315015966359014
HCO3_mean,6878,1122,23.909910436448484,22.182357361468597,23.8,22.0,-1.7275530749798875,-0.3935009288413536,-11.340343513104377,1.5076393580400605e-28,2882693.5,3.632875694050228e-42,1.423211553989817e-27,3.5723277658160577e-41,0.3935009288413536
HCO3_median,6878,1122,23.91548611051787,22.179911193085328,24.0,22.0,-1.7355749174325439,-0.39018130972665027,-11.244245965259838,4.0984240263807215e-28,2902510.0,1.2019528628586247e-40,3.720107962407117e-27,1.0910033678255208e-39,0.39018130972665027
pH_missing,6878,1122,0.2579822262562137,0.13101604278074866,0.0,0.0,-0.12696618347546504,-0.32505127714189563,-11.163219667403093,5.036158300171428e-28,3365124.0,1.6548165014189307e-20,4.4019754031128036e-27,7.232161006201253e-20,0.32505127714189563
HCO3_count,6878,1122,3.3008141901715615,4.03030303030303,3.0,4.0,0.7294888401314688,0.39633605402534905,11.205618912822088,6.502045647642842e-28,4681081.5,1.2608928232028049e-32,5.480295617298967e-27,8.502020179310341e-32,0.39633605402534905
FiO2_missing,6878,1122,0.3422823164023363,0.19607843137254902,0.0,0.0,-0.1462038850297873,-0.3342674980314499,-11.105831266708437,1.0439893433008614e-27,3291717.0,1.72838520911505e-22,8.495913276517355e-27,8.678700198960676e-22,0.3342674980314499
Urine_std,6878,1122,126.86838045091741,90.46391493509923,108.97873601446639,67.0748920861709,-36.40446551581819,-0.3424007011000148,-10.995726313085182,3.697767773948759e-27,2556296.5,1.1740200482656587e-73,2.9089106488396906e-26,2.3089060949224623e-72,0.3424007011000148
Urine_min,6878,1122,25.887037558926153,15.644580379520969,15.0,10.0,-10.242457179405184,-0.25165340950558635,-10.845346224230324,5.863326908485838e-27,3557309.5,1.6862199861510837e-05,4.4636940335569604e-26,2.8629346527457248e-05,0.25165340950558635
Lactate_count,6878,1122,1.8556266356498983,3.3172905525846703,1.0,2.0,1.461663916934772,0.3924883644986756,10.895948150908897,1.6132390972780092e-26,4786298.5,2.9280114080877745e-42,1.1897638342425319e-25,3.0043943143857164e-41,0.3924883644986756
Urine_median,6878,1122,106.62722069644857,70.4531524729158,80.0,50.0,-36.17406822353277,-0.3420294017494436,-10.747348740347475,4.994976599594828e-26,2579455.0,2.8200109231671e-71,3.572165083346604e-25,5.11940444513412e-70,0.3420294017494436
BUN_count,6878,1122,3.3806339052050016,4.0597147950089125,3.0,4.0,0.6790808898039109,0.37253644717575346,10.529586397637665,5.86371458250736e-25,4615360.0,8.001137135418474e-28,4.07010776903452e-24,4.7206709098969e-27,0.37253644717575346
Creatinine_count,6878,1122,3.3982262285548126,4.072192513368984,3.0,4.0,0.6739662848141714,0.36889287961932304,10.456341084919911,1.1916510985405334e-24,4609069.0,2.257043620235367e-27,8.035133121587597e-24,1.2991763277452356e-26,0.36889287961932304
GCS_min,6878,1122,8.500996310490669,7.0648781567119165,8.0,6.0,-1.436118153778752,-0.3153113162783576,-10.27567815414199,4.814699409206024e-24,3236195.0,6.132313322646196e-19,3.156302946035061e-23,2.4120432402408373e-18,0.3153113162783576
Mg_count,6878,1122,3.323495202093632,3.971479500891266,3.0,4.0,0.6479842987976339,0.3446195699392164,10.003476451448874,8.657680714931298e-23,4548908.0,6.810924166970024e-23,5.522196347902125e-22,3.5719513408998346e-22,0.3446195699392164
Urine_max,6878,1122,638.3932176572573,451.96065761139903,500.0,321.0,-186.43256004585828,-0.3137735122731774,-9.740613652385452,8.730750484412569e-22,2590424.5,5.288708793852382e-70,5.4222555640035956e-21,8.91525196677973e-69,0.3137735122731774
Creatinine_last,6878,1122,1.2776641554105417,1.736513432322629,0.9,1.2,0.4588492769120873,0.325579806458154,9.623573476613922,2.825346604472135e-21,4793675.5,4.727279088259157e-39,1.7096969196292922e-20,3.71879288276387e-38,0.325579806458154
Lactate_last,6878,1122,1.8657385917572566,2.541968304747175,1.960579809004093,1.960579809004093,0.6762297129899182,0.3830450538645792,9.497372690427389,1.1773380075515384e-20,4448274.0,6.359466162932823e-18,6.946294244554077e-20,2.46038363024942e-17,0.3830450538645792
Lactate_mean,6878,1122,2.26470510345763,2.893609297978193,2.352908916739139,2.352908916739139,0.6289041945205627,0.365472488534543,9.29626594580752,6.722293585188905e-20,4269219.5,1.9043691350756553e-09,3.8694177709867843e-19,4.239916187526931e-09,0.365472488534543
HCO3_max,6878,1122,25.64631342860176,24.243536425819794,25.449573953961597,24.0,-1.402777002781967,-0.31942362857330625,-9.26560078713003,7.249221586889717e-20,3053755.5,2.0910172544038228e-29,4.073372129776127e-19,1.2986317685244794e-28,0.31942362857330625
Lactate_max,6878,1122,2.999402519927309,3.9237697251789223,3.129045020463848,3.129045020463848,0.9243672052516132,0.35278526356797585,9.134663740004058,2.680970625686347e-19,4178412.0,2.8979051556914343e-06,1.4714164364232044e-18,5.220653562925027e-06,0.35278526356797585
Creatinine_max,6878,1122,1.4669166384986783,1.9519070821683542,1.0,1.4,0.4849904436696759,0.29986194913175385,9.065693262436447,3.904251200810644e-19,4812731.0,1.4941481804794906e-40,2.094098371343891e-18,1.3059961873820732e-39,0.29986194913175385
Lactate_median,6878,1122,2.2111187288268837,2.822180523435138,2.296820145520692,2.296820145520692,0.6110617946082542,0.3541522750252364,9.000208164335257,8.705593785141113e-19,4233954.5,4.0137639117339923e-08,4.565600296207339e-18,8.457573956868055e-08,0.3541522750252364
Creatinine_mean,6878,1122,1.2913661261839593,1.6992120371400818,0.9,1.225,0.40784591095612255,0.29302033647357933,8.823489964726848,3.137310556164586e-18,4802226.0,1.549725054730024e-39,1.6095767201192222e-17,1.2611555617802956e-38,0.29302033647357933
HR_max,6878,1122,111.4644107405017,118.40374548932655,110.0,117.0,6.939334748824848,0.29576479313958,8.677482418652316,1.1086576284529736e-17,4505977.5,1.7715642687237712e-19,5.566876602444719e-17,7.086257074895085e-19,0.29576479313958
PaO2_first,6878,1122,206.86961304762977,177.18016445135322,202.705667882002,156.5,-29.68944859627655,-0.2784604007348636,-8.640520623020992,1.4023454273910894e-17,3142762.5,8.844041800525155e-24,6.894865018006189e-17,4.8539392207533407e-23,0.2784604007348636
Creatinine_median,6878,1122,1.2900165945123345,1.6921440819059512,0.9,1.2,0.4021274873936167,0.28674339828614326,8.631759220535809,1.5698662318427477e-17,4789958.5,1.1703859698589005e-38,7.560988381936499e-17,8.910035125377436e-38,0.28674339828614326
PaO2_mean,6878,1122,149.272357413371,135.81653727135193,147.38517863845283,132.41666666666669,-13.455820142019064,-0.27538728476276536,-8.600103977413136,1.9465531859691167e-17,3173339.0,6.31630902574501e-22,9.18773103777423e-17,3.1055186043246295e-21,0.27538728476276536
Urine_total,6878,1122,4420.441968615686,3236.8707305608073,4158.0,2586.0,-1183.571238054879,-0.321982777631669,-8.605236487424058,2.2511754220953393e-17,2437802.0,2.6006442768213368e-87,1.0417203914009806e-16,9.39513610998296e-86,0.321982777631669
PaO2_median,6878,1122,135.64993383909712,123.0939887872466,133.88896254557508,118.0,-12.555945051850514,-0.26707436605028084,-8.483316619493642,4.998342504475263e-17,3147487.5,1.7304402669094736e-23,2.26847852126185e-16,9.281452340696267e-23,0.26707436605028084
Creatinine_min,6878,1122,1.1184991505321904,1.45602794140268,0.8,1.0,0.3375287908704896,0.2814573856479548,8.439129982096278,7.703792392745518e-17,4731475.5,2.584117239772752e-34,3.430367933373476e-16,1.7936813781952046e-33,0.2814573856479548
Glucose_max,6878,1122,169.66748365193664,194.68307251329585,151.0,172.0,25.01558886135922,0.28228733043934356,8.340022758162117,1.7491123802239164e-16,4687148.0,7.241171214172646e-31,7.644268920978598e-16,4.618692990661471e-30,0.28228733043934356
PaO2_std,6878,1122,64.463136810314,55.488090821598725,63.20438661039668,59.282242068776824,-8.975045988715273,-0.2667411652299099,-8.260236805679193,3.1512521766231265e-16,3221367.5,1.4533448439840443e-19,1.3521736612419232e-15,5.974722126804424e-19,0.2667411652299099
n_rows_total,6878,1122,434.92759523117184,471.5534759358289,425.0,451.0,36.62588070465705,0.2750040806112182,8.224860606956273,4.3429463260625715e-16,4439603.5,5.481112704751219e-16,1.8302416659835124e-15,1.8746994178569382e-15,0.2750040806112182
n_valid_values,6878,1122,434.3658040127944,470.98217468805706,424.0,450.5,36.61637067526266,0.2744478564918391,8.210460694693783,4.868997883672063e-16,4438571.0,6.168964627419801e-16,2.01593596587124e-15,2.079822360101533e-15,0.2744478564918391
MechVent_missing,6878,1122,0.3856778300587278,0.26827094474153296,0.0,0.0,-0.11740688531719484,-0.2522975139442775,-8.111191101256392,9.899638182040784e-16,3403503.0,3.366223388054689e-14,4.028128639589009e-15,1.0453009468169823e-13,0.2522975139442775
Lactate_min,6878,1122,1.6616488914639227,2.0416922839663796,1.7149499772623922,1.7149499772623922,0.3800433925024569,0.3163287533125959,8.111727254410562,1.2236309152103856e-15,4303196.5,7.812202337177362e-11,4.8945236608415425e-15,1.9204997412227683e-10,0.3163287533125959
Mg_last,6878,1122,2.0334889220315935,2.118456908323513,2.0,2.1,0.08496798629191948,0.26196254063247787,7.8863384182668135,6.09576362123421e-15,4439624.0,3.800269136928999e-16,2.3976670243521225e-14,1.3189169357577113e-15,0.26196254063247787
Glucose_mean,6878,1122,135.9113926203256,146.60239856818478,129.1547619047619,139.85714285714286,10.691005947859168,0.26132759210244333,7.807689658635984,1.1194759020617923e-14,4539563.0,2.2248622664649625e-21,4.3310870965013604e-14,1.0295441076190807e-20,0.26132759210244333
HR_std,6878,1122,9.940247746263992,11.240630035799493,9.099905552687657,10.138270857081908,1.3003822895355004,0.26236541767918187,7.700961080252074,2.5453805013343624e-14,4432063.0,1.2937564783466864e-15,9.688867714756606e-14,4.3003736463354644e-15,0.26236541767918187
NIMAP_last,6878,1122,77.4572195642107,73.62276207628582,76.91943690152924,74.33,-3.8344574879248796,-0.25656489984062797,-7.675688175665523,3.029372206208277e-14,3298009.5,5.179707370241403e-15,1.1348124455002433e-13,1.6519066748337448e-14,0.25656489984062797
Creatinine_first,6878,1122,1.300592693838812,1.657578110154999,0.9,1.2,0.35698541631618697,0.24782955350366387,7.663544527840579,3.2281953333907666e-14,4748172.5,1.612166265180646e-35,1.190397029187845e-13,1.1889726205707266e-34,0.24782955350366387
Lactate_first,6878,1122,2.527279217760168,3.1157755287405795,2.6098158253751707,2.6098158253751707,0.5884963109804113,0.29143826371193404,7.664469977079477,3.627568671942578e-14,4086756.5,0.0008452182419856722,1.3170864716591512e-13,0.00114638796039436,0.29143826371193404
Glucose_median,6878,1122,132.36006625613643,142.2994942676274,126.5,136.0,9.939428011490975,0.2544405558377624,7.545496532959943,8.030263126626683e-14,4507498.0,1.4683639125197314e-19,2.871427421036208e-13,5.974722126804424e-19,0.2544405558377624
PaO2_count,6878,1122,5.552922361151498,6.99554367201426,4.0,6.0,1.4426213108627621,0.24670303863011683,7.434192207365941,1.7944758945894267e-13,4461073.5,2.4200512180485222e-17,6.32084046452395e-13,9.06558868983256e-17,0.24670303863011683
PaCO2_count,6878,1122,5.564989822622856,7.002673796791444,4.0,6.0,1.4376839741685883,0.24549696116433864,7.402598161314158,2.256899852927402e-13,4460875.0,2.4820596490184883e-17,7.832770077806866e-13,9.152594955755676e-17,0.24549696116433864
Urine_first,6878,1122,382.80388732527535,277.4572591963341,240.0,150.0,-105.34662812894123,-0.22007291992739642,-7.375635111866327,2.5345677460149566e-13,3126331.5,1.754299694010368e-24,8.668956348688836e-13,9.857493518724924e-24,0.22007291992739642
Glucose_last,6878,1122,127.17587045721784,138.06294319007486,121.0,130.0,10.887072732857021,0.24597461054859515,7.347915510690377,3.3738568409852253e-13,4455476.0,8.64709462846701e-17,1.1374717349607332e-12,3.045842287042111e-16,0.24597461054859515
NIMAP_min,6878,1122,59.97259516509443,56.57154666871491,59.4955981134772,57.33,-3.4010484963795236,-0.24542369034902667,-7.310065704747508,4.437857691059177e-13,3245544.0,1.1813519657022968e-17,1.4751188944929094e-12,4.496759095253904e-17,0.24542369034902667
NIDiasABP_last,6878,1122,58.105910512763124,54.60706784694114,57.61519782888159,55.5,-3.4988426658219822,-0.24021547860662948,-7.252358662888279,6.643948934928885e-13,3305056.0,1.1179944047372014e-14,2.1777388175600234e-12,3.517955726906394e-14,0.24021547860662948
WBC_count,6878,1122,3.1858098284384995,3.645276292335116,3.0,3.0,0.4594664638966166,0.2561793654020105,7.240217920867193,7.553174022051763e-13,4289933.0,4.673329645218265e-10,2.4418480400057755e-12,1.0812801924230497e-09,0.2561793654020105
HCO3_first,6878,1122,23.34787542051644,22.146967237289743,23.0,22.0,-1.200908183226698,-0.23964690919789952,-6.966888906178374,5.0059962843005e-12,3256362.0,3.803887460553293e-17,1.5965069231012405e-11,1.3601779404402684e-16,0.23964690919789952
PaCO2_min,6878,1122,34.857504086489755,33.156508956222396,34.618939519469755,33.0,-1.7009951302673585,-0.23099553475751997,-6.694040430083092,3.1557340468164137e-11,3187995.0,4.377996103051479e-21,9.930043133982315e-11,1.9494473213587716e-20,0.23099553475751997
SysABP_min,6878,1122,79.63741273294325,73.44032333400058,78.76827094474153,78.76827094474153,-6.197089398942666,-0.2240536844717449,-6.6526622844578664,4.101006220267855e-11,3338519.0,1.9807540654838006e-13,1.273470352609492e-10,5.843224493177212e-13,0.2240536844717449
WBC_last,6878,1122,11.966533591300047,13.905716591825755,11.1,12.3,1.9391830005257074,0.23850248960407153,6.628185662455734,4.9605811845923255e-11,4362231.5,2.1897679183842946e-12,1.520385921511414e-10,6.226328057092692e-12,0.23850248960407153
DiasABP_min,6878,1122,40.5449272500245,37.44879845958801,40.110695187165774,40.110695187165774,-3.096128790436488,-0.21958356704004048,-6.5923064559022375,6.064062205956019e-11,3388099.0,2.930006215077775e-11,1.8347675392379748e-10,7.857743940435851e-11,0.21958356704004048
NISysABP_min,6878,1122,91.48993060890507,85.7887810690469,90.69034438593997,89.0,-5.701149539858164,-0.21677271299676568,-6.553685004443237,7.776792764012021e-11,3199376.0,3.6119501537692406e-20,2.323193787730173e-10,1.5498549750718925e-19,0.21677271299676568
NIDiasABP_min,6878,1122,40.58399024457064,37.70941673471144,40.18083130981288,39.0,-2.8745735098592036,-0.21263271349319207,-6.449519544606695,1.5221758856380103e-10,3333798.5,2.4023956128877594e-13,4.49041886263213e-10,6.99957240298162e-13,0.21263271349319207
PaCO2_median,6878,1122,40.252639733858395,38.56766094100516,40.01632145816073,38.0,-1.6849787928532365,-0.22511782145605702,-6.4445454594856555,1.609200800317626e-10,3058692.0,2.6662171830447017e-29,4.682244598089889e-10,1.6134032184578194e-28,0.22511782145605702
HR_count,6878,1122,56.646408839779006,60.18716577540107,55.0,57.0,3.5407569356220634,0.21472691649357717,6.439883064910948,1.626881597641402e-10,4329271.5,5.2169598450146894e-11,4.682244598089889e-10,1.3238736811005018e-10,0.21472691649357717
PaO2_max,6878,1122,250.2124648316899,228.28560261902695,247.13722240636395,226.0,-21.926862212662968,-0.20644159124687808,-6.400794921935638,2.0594325685917824e-10,3369933.5,6.743316661190432e-12,5.855735978164586e-10,1.894550871477312e-11,0.20644159124687808
MAP_min,6878,1122,58.27558478233565,55.21398255297442,57.846195069667736,57.846195069667736,-3.0616022293612275,-0.21020021535898004,-6.379430237864358,2.380489548150271e-10,3347486.5,5.03659216652612e-13,6.609359216040752e-10,1.4495557942684933e-12,0.21020021535898004
static_ICUType,6878,1122,2.756033730735679,2.9536541889483066,3.0,3.0,0.19762045821262753,0.2002344595866423,6.37714764574232,2.366896824410629e-10,4289340.0,3.57881466720825e-10,6.609359216040752e-10,8.362378826347989e-10,0.2002344595866423
GCS_std,6878,1122,1.8228789970852175,1.5569053878367156,1.6039545843671552,1.390898335607915,-0.2659736092485019,-0.18585040018229845,-6.360698303995022,2.545500906966396e-10,3638624.5,0.0020888095659590262,6.985328070279877e-10,0.0027539612154543584,0.18585040018229845
pH_count,6878,1122,5.84704856062809,7.098039215686274,5.0,6.0,1.2509906550581844,0.20896175148101892,6.360950963788636,2.67330479069814e-10,4386646.0,1.157516207008083e-13,7.25172334028461e-10,3.502228523768046e-13,0.20896175148101892
Creatinine_std,6878,1122,0.17022811134811916,0.2259525085687331,0.1,0.132650647852569,0.05572439722061395,0.20264483263464225,6.318188301368882,3.468935745408099e-10,4513684.5,5.978864239260833e-20,9.303054953594448e-10,2.5196642151170652e-19,0.20264483263464225
HR_mean,6878,1122,86.68719395512258,90.01296204133718,86.21483516483516,89.35104364326375,3.3257680862145946,0.21453571825903492,6.308623688341862,3.769519018278014e-10,4304884.0,4.902494835707675e-10,9.995578520377656e-10,1.123290078861176e-09,0.21453571825903492
Glucose_missing,6878,1122,0.026641327247893833,0.0071301247771836,0.0,0.0,-0.019511202470710233,-0.1519244113315564,-6.145150318491245,9.168059607557732e-10,3777837.0,3.306484676181654e-05,2.404068963759583e-09,5.418960997075489e-05,0.1519244113315564
Glucose_std,6878,1122,32.09292094536292,39.75187306552357,23.96525262402492,29.837736109649256,7.658952120160649,0.20181378250389517,6.139319200694433,1.0651891144996178e-09,4462355.5,3.7799550829827185e-17,2.7624684727682396e-09,1.3601779404402684e-16,0.20181378250389517
NIDiasABP_mean,6878,1122,57.839697071852314,55.64155338905151,57.53140742033951,56.0,-2.1981436828008043,-0.19900294144608316,-6.125815937755797,1.1522960345557416e-09,3387905.0,5.1090598521156625e-11,2.9558898277734243e-09,1.310584918586192e-10,0.19900294144608316
WBC_missing,6878,1122,0.018197361415348712,0.0035650623885918,0.0,0.0,-0.014632299026756912,-0.14145167903194958,-6.094927815578518,1.2196250754103332e-09,3796599.0,0.00013533299286488693,3.094962556955254e-09,0.0002065976625321208,0.14145167903194958
NIMAP_mean,6878,1122,76.85984706481494,74.57914968116295,76.53997925675775,74.82178571428571,-2.2806973836519973,-0.19712225800580058,-6.014704484655435,2.270140271656974e-09,3397716.5,1.268665554990579e-10,5.699501107564317e-09,3.086650216265738e-10,0.19712225800580058
NIDiasABP_median,6878,1122,57.20637688571802,54.970032674222,56.8927296100557,55.5,-2.236344211496025,-0.19473252307674996,-5.990075240567629,2.62562574301851e-09,3384852.0,3.813721903940958e-11,6.522607108972299e-09,9.890531531099627e-11,0.19473252307674996
BUN_std,6878,1122,3.5546989458036813,4.321751828884779,2.6457513110645907,3.214550253664317,0.7670528830810981,0.19847453939852752,5.973717308793669,2.9163809366557566e-09,4397613.0,5.6540046910099886e-14,7.169436469278735e-09,1.7329157234783862e-13,0.19847453939852752
Platelets_count,6878,1122,3.4943297470194823,3.9385026737967914,3.0,3.0,0.44417292677730913,0.2062418032182753,5.834698950775431,6.757850756531118e-09,4111142.5,0.0002887865688939674,1.644178122207571e-08,0.0004207014213517056,0.2062418032182753
PaCO2_mean,6878,1122,40.559964456637,39.04816667962663,40.34793481841129,38.8,-1.511797777010365,-0.20178988586258553,-5.7774522044889505,9.401751338320037e-09,3163125.5,1.549289760763672e-22,2.2640952202484988e-08,7.948530076961447e-22,0.20178988586258553
NISysABP_last,6878,1122,118.55249316152839,113.76087129044147,117.88046819410845,115.0,-4.791621871086917,-0.18996606593835225,-5.70284450862907,1.428026014260522e-08,3384641.5,3.761136658886022e-11,3.404183225913971e-08,9.862536127745568e-11,0.18996606593835225
NIMAP_median,6878,1122,76.42294925559631,74.19715099124478,76.11078104902101,74.33250000000001,-2.225798264351525,-0.18608400777663803,-5.691108326011038,1.5199653880606424e-08,3404417.5,2.335364370590473e-10,3.587118315823116e-08,5.567131226862138e-10,0.18608400777663803
HR_median,6878,1122,85.96176612954702,89.03724566323204,86.0,88.0,3.0754795336850265,0.19298531936818328,5.682205955916824,1.6152679527835777e-08,4249113.5,5.1687672913812304e-08,3.7626945098620035e-08,1.0794947617397968e-07,0.19298531936818328
Mg_median,6878,1122,2.002301728140892,2.060868664588948,2.0,2.0,0.058566936448055884,0.18627570567832027,5.679446466593946,1.6262493220590016e-08,4245325.0,6.41472315174245e-08,3.7626945098620035e-08,1.3279602314133494e-07,0.18627570567832027
Platelets_missing,6878,1122,0.01688720379974823,0.0035650623885918,0.0,0.0,-0.01332214141115643,-0.13276267923293872,-5.639750347314939,1.852246133126445e-08,3801648.0,0.0002914540994578256,4.2439814312411746e-08,0.0004219826225278948,0.13276267923293872
FiO2_std,6878,1122,0.14191771564010994,0.12961280490169358,0.140191951909047,0.140191951909047,-0.012304910738416358,-0.179449652625052,-5.581369142407535,2.8234677645845722e-08,3600430.0,0.00023976164440522093,6.40709992732653e-08,0.00035364842549770085,0.179449652625052
Mg_mean,6878,1122,2.0061095277746004,2.06393899631748,1.975,2.0133600553688695,0.057829468542879514,0.18174092313582704,5.533195465881844,3.719071264404295e-08,4241776.5,9.076810694434824e-08,8.359055413327749e-08,1.8627194120753203e-07,0.18174092313582704
Na_max,6878,1122,140.65285412978415,141.6334601646676,140.79038412617655,142.0,0.9806060348834649,0.196516492596511,5.513143933239852,4.235772179609505e-08,4335425.5,2.5823640860166942e-11,9.430587116866444e-08,7.005033612642987e-11,0.196516492596511
NISysABP_std,6878,1122,14.439394474096213,15.910582087352193,14.272229736220641,14.645728536855366,1.4711876132559798,0.18264295947749967,5.46686268431017,5.397210586247648e-08,4310306.5,2.781313784427008e-10,1.1904128022004158e-07,6.563900531247739e-10,0.18264295947749967
FiO2_median,6878,1122,0.5084980688659617,0.5346034369727694,0.5,0.5,0.026105368106807636,0.19245078971720705,5.462905932228778,5.5796173064900555e-08,3991203.5,0.05675915455629195,1.2192497077144936e-07,0.06976646080877552,0.19245078971720705
HR_first,6878,1122,89.07546885675315,92.98572380910976,88.0,90.0,3.9102549523566097,0.18389337019511268,5.399048607974104,7.864971118769959e-08,4259210.5,2.319647380027492e-08,1.702874480761202e-07,4.9318628980764686e-08,0.18389337019511268
DiasABP_count,6878,1122,35.753998255306776,40.87433155080214,42.0,47.0,5.120333295495364,0.17352132287283842,5.382793307476819,8.494190062724698e-08,4200446.0,1.3563589108300204e-06,1.8223898680027535e-07,2.560805623647079e-06,0.17352132287283842
SysABP_count,6878,1122,35.77057284094214,40.8903743315508,42.0,47.0,5.1198014906086655,0.1734289530303168,5.380255356456402,8.612411783752443e-08,4200178.5,1.3823532803691971e-06,1.8311073702392583e-07,2.5891696362470678e-06,0.1734289530303168
static_Weight,6878,1122,82.08206697532479,78.06297810774561,80.6,75.25,-4.019088867579185,-0.17337518162306262,-5.377154307604847,8.75967958543924e-08,3382452.0,3.1580274889805545e-11,1.84578962693184e-07,8.374095364038324e-11,0.17337518162306262
HCT_missing,6878,1122,0.016013765389347907,0.0035650623885918,0.0,0.0,-0.012448703000756107,-0.12674190789398193,-5.32889588648704,1.0596984944411983e-07,3805014.0,0.00048543629896467274,2.2131756167090512e-07,0.0006738998032686046,0.12674190789398193
Na_last,6878,1122,138.78578561014962,139.69918301031473,139.0,140.0,0.9133974001651097,0.1875951050724962,5.281525598838002,1.4961395393729423e-07,4313553.5,2.0149486013040617e-10,3.097271327122933e-07,4.852325203140394e-10,0.1875951050724962
HCO3_missing,6878,1122,0.017760824176484055,0.004456327985739751,0.0,0.0,-0.013304496190744305,-0.12724267204851739,-5.22204352859324,1.898054880006563e-07,3801726.0,0.00042229667553397583,3.895138710274338e-07,0.0005967785354851395,0.12724267204851739
Temp_median,6878,1122,37.06506080861392,36.94431374021063,37.05,36.9,-0.12074706840328986,-0.18330852580440354,-5.2324994543170495,1.9376665435199283e-07,3413557.5,5.363412751352025e-10,3.9421491747474405e-07,1.217082124345267e-09,0.18330852580440354
WBC_median,6878,1122,12.246348664397496,13.727251498348876,11.35,12.3,1.4809028339513794,0.18112326380001184,5.224888516386359,2.0136558419156434e-07,4226419.5,2.922553479638605e-07,4.0617331512144605e-07,5.84510695927721e-07,0.18112326380001184
BUN_missing,6878,1122,0.015431473115747692,0.0035650623885918,0.0,0.0,-0.011866410727155892,-0.12261682475651738,-5.1181892571058585,3.280030074147965e-07,3807258.0,0.0006816715616245465,6.504933592427897e-07,0.0009299103384011154,0.12261682475651738
Creatinine_missing,6878,1122,0.015431473115747692,0.0035650623885918,0.0,0.0,-0.011866410727155892,-0.12261682475651738,-5.1181892571058585,3.280030074147965e-07,3807258.0,0.0006816715616245465,6.504933592427897e-07,0.0009299103384011154,0.12261682475651738
NIMAP_std,6878,1122,9.905869158379438,10.70535894266191,10.017997600625057,10.017997600625057,0.7994897842824713,0.17382589341271318,5.119599404462805,3.4877091770946507e-07,4198497.5,2.0437753503225658e-06,6.85916138161948e-07,3.710238328277889e-06,0.17382589341271318
MAP_count,6878,1122,35.83178249491131,40.79055258467023,42.0,47.0,4.9587700897589215,0.16469931678848398,5.103784531232546,3.753338419433063e-07,4184114.5,4.195143532395896e-06,7.320560884183495e-07,7.500408133677511e-06,0.16469931678848398
FiO2_min,6878,1122,0.43935733054746196,0.4586762000342756,0.4420668019929876,0.4420668019929876,0.01931886948681366,0.18275686327196156,5.093234207954937,4.0351225895317674e-07,4016856.5,0.020648705448351904,7.805646976471288e-07,0.02634105127465432,0.18275686327196156
Mg_missing,6878,1122,0.024312340119828472,0.008021390374331552,0.0,0.0,-0.01629094974549692,-0.12948604171265327,-5.017239298018467,5.628916181883293e-07,3790257.0,0.0002643752226382774,1.0800196901824855e-06,0.0003875313822523818,0.12948604171265327
PaCO2_last,6878,1122,40.24890963900847,38.803780826934975,40.04623032311516,38.5,-1.4451288120734915,-0.17757900495127169,-5.014891423942788,6.023271511063111e-07,3178498.0,1.224759658024315e-21,1.1463645779120115e-06,5.898842434566089e-21,0.17757900495127169
K_missing,6878,1122,0.02198298905909211,0.0071301247771836,0.0,0.0,-0.01485286428190851,-0.1242926134027195,-4.834873154081006,1.4162937396659525e-06,3795789.0,0.00044272074634954506,2.673962580489318e-06,0.0006182372552573528,0.1242926134027195
Na_missing,6878,1122,0.017761006142819554,0.0053475935828877,0.0,0.0,-0.012413412559931853,-0.11639274124190344,-4.601243889942199,4.407672636052667e-06,3805170.0,0.0009659195422087787,8.255640810384361e-06,0.0012952102952344987,0.11639274124190344
WBC_min,6878,1122,10.201914335473885,11.247579568215208,9.5,10.2,1.0456652327413227,0.1608667220559078,4.60530650677217,4.506567458933784e-06,4134708.0,0.00011816845715630383,8.374408821325773e-06,0.00018227291430645558,0.1608667220559078
FiO2_mean,6878,1122,0.5486011553803414,0.5683051983645442,0.5513646474088758,0.5513646474088758,0.019704042984202808,0.1607255188224551,4.539011019218133,6.16305956744661e-06,3951141.5,0.18917998866096075,1.1363141077479686e-05,0.21969046334667514,0.1607255188224551
NISysABP_mean,6878,1122,117.94815305811666,115.07572216674727,117.54529462560208,115.49141876430207,-2.8724308913693903,-0.14905627886887032,-4.503132905433584,7.232216714952467e-06,3476104.5,9.473452473491701e-08,1.3231032129680482e-05,1.927357572193139e-07,0.14905627886887032
Na_std,6878,1122,1.903391472903134,2.1096992114915256,1.707825127659933,1.8257418583505496,0.20630773858839158,0.1483224282401473,4.4648013551745755,8.638142142932244e-06,4171170.0,1.2962615901590095e-05,1.5681550351784688e-05,2.2329761699089506e-05,0.1483224282401473
SysABP_std,6878,1122,17.15669326148466,18.111903790250867,17.290661538144118,17.290661538144118,0.9552105287662087,0.14704779844458854,4.3916243232623255,1.2080457856671259e-05,4202797.0,1.1305857409155124e-06,2.1763267589117688e-05,2.1517599585166203e-06,0.14704779844458854
MAP_last,6878,1122,82.89048499645898,80.48329091940779,82.55287602715255,82.55287602715255,-2.4071940770511873,-0.14062027981811198,-4.348067865458397,1.4659867124871813e-05,3488999.0,1.7552579679492325e-07,2.621006546567991e-05,3.5405203456069986e-07,0.14062027981811198
DiasABP_missing,6878,1122,0.306335958622311,0.24598930481283424,0.0,0.0,-0.060346653809476763,-0.13530078014222927,-4.307035629715327,1.7571685173709726e-05,3623148.0,3.4949894548687736e-05,3.094714702235444e-05,5.649435009239936e-05,0.13530078014222927
SysABP_missing,6878,1122,0.306335958622311,0.24598930481283424,0.0,0.0,-0.060346653809476763,-0.13530078014222927,-4.307035629715327,1.7571685173709726e-05,3623148.0,3.4949894548687736e-05,3.094714702235444e-05,5.649435009239936e-05,0.13530078014222927
Temp_mean,6878,1122,36.97299134649858,36.85838565603434,36.97520491803279,36.8539393939394,-0.11460569046423785,-0.14889444277804284,-4.282716842868886,1.9759886886090167e-05,3443330.0,7.094880726780998e-09,3.45432096675354e-05,1.5503628254817737e-08,0.14889444277804284
Glucose_first,6878,1122,147.49535958357035,158.37448239970433,132.0,140.0,10.879122816133986,0.1417729965708415,4.253881723103957,2.2368064324255022e-05,4201186.5,1.7818224477493953e-06,3.881517044503077e-05,3.2597681989833897e-06,0.1417729965708415
HR_last,6878,1122,85.42827135889854,88.27293740851847,85.0,87.0,2.8446660496199314,0.14799688024450797,4.2213881971481335,2.590985773455184e-05,4201381.5,1.7527523689766105e-06,4.46330396011258e-05,3.231637180300626e-06,0.14799688024450797
K_max,6878,1122,4.537516960593349,4.6438676124029215,4.4,4.5,0.10635065180957248,0.13674940956414822,4.2182310504830625,2.610200557603505e-05,4215262.0,6.330518318227482e-07,4.463821243437878e-05,1.2347126637204014e-06,0.13674940956414822
DiasABP_mean,6878,1122,59.79558770508104,58.507945384642774,59.61499586963957,59.61499586963957,-1.287642320438266,-0.1397480230569066,-4.206609625719231,2.7520272044289782e-05,3558142.5,2.1856005520646252e-05,4.6725066204693445e-05,3.658168299909585e-05,0.1397480230569066
MAP_missing,6878,1122,0.30764666213691805,0.24866310160427807,0.0,0.0,-0.05898356053263998,-0.13193700930520902,-4.196104887103358,2.867760864302367e-05,3628431.0,5.347941135470583e-05,4.834225456966847e-05,8.585810258306515e-05,0.13193700930520902
NIDiasABP_std,6878,1122,9.966413428554345,10.578468362448495,10.052254133033,10.052254133033,0.6120549338941501,0.13660083644731838,4.048794152529629,5.427570022445366e-05,4127676.5,0.00017024609102934244,9.08444344182345e-05,0.00025591132154729183,0.13660083644731838
NISysABP_median,6878,1122,117.82992651966393,115.13429527742116,117.45186423793938,115.0,-2.6956312422427686,-0.13465924409345317,-4.044244904264085,5.5276436648673874e-05,3497325.5,4.6388940010426573e-07,9.186788062737348e-05,9.12315820205056e-07,0.13465924409345317
FiO2_last,6878,1122,0.4992580366615241,0.5200611846677975,0.5,0.5,0.02080314800627342,0.14053143385806327,4.011844103747736,6.355959724740596e-05,3830292.5,0.6839757713512034,0.00010489555909362101,0.7271093785535315,0.14053143385806327
GCS_count,6878,1122,15.3601337598139,16.472370766488414,13.0,13.0,1.1122370066745138,0.1318510543682823,3.8985635884755965,0.00010131734771722302,4056694.0,0.005446453842064349,0.00016604787542544885,0.007101453628326997,0.1318510543682823
DiasABP_last,6878,1122,60.35606633358888,58.616707178739276,60.11212121212121,60.11212121212121,-1.739359154849602,-0.12717002890925067,-3.8507643308318484,0.00012286026411656084,3519739.5,1.6826885168399887e-06,0.00019996567125178178,3.12688574782864e-06,0.12717002890925067
Mg_max,6878,1122,2.2473934077061974,2.331312359506476,2.2,2.259163040696186,0.08391895180027875,0.13696116501266886,3.8027629929990585,0.00014971109043192013,4323651.5,7.43678687598319e-11,0.00024199874891735033,1.8474544239284555e-10,0.13696116501266886
DiasABP_median,6878,1122,59.26505772363666,58.1174077992889,59.10409982174688,59.10409982174688,-1.1476499243477605,-0.1232170691884777,-3.7173094684756633,0.00020903226205276767,3579804.5,8.167442147242237e-05,0.00033558920982621203,0.00012936351320464213,0.1232170691884777
K_min,6878,1122,3.7619887820674083,3.699042142715852,3.7,3.7,-0.06294663935155631,-0.12118081747699196,-3.6710877781276863,0.00025024771566290116,3552651.5,1.9312980070252172e-05,0.0003985634449236822,3.2556166404139374e-05,0.12118081747699196
WBC_first,6878,1122,12.739959567180252,13.954582211740034,11.5,12.5,1.2146226445597819,0.11921989030963996,3.6694548002445293,0.0002516353953119858,4110668.0,0.00044024461082451077,0.0003985634449236822,0.0006182372552573528,0.11921989030963996
SysABP_mean,6878,1122,119.3956507595743,117.26001993420195,119.09612853631585,119.09612853631585,-2.1356308253723455,-0.12118853277708266,-3.588614998265014,0.00034381427254268125,3582934.0,9.83137524560584e-05,0.0005409344554671518,0.0001536559309909257,0.12118853277708266
DiasABP_first,6878,1122,59.2832699676926,57.058894068079354,58.97130124777184,58.97130124777184,-2.224375899613243,-0.12374861914757944,-3.584739289234715,0.0003492506349275477,3588653.5,0.000136564556589029,0.0005458486744562998,0.0002065976625321208,0.12374861914757944
PaO2_min,6878,1122,93.03992363931134,88.43922156945462,92.39467517401393,81.0,-4.600702069856723,-0.11999340526950718,-3.5752942269224004,0.00036153762645323623,3299233.5,3.957214816034477e-15,0.000561334735808972,1.2793187624440225e-14,0.11999340526950718
K_std,6878,1122,0.3851886476532668,0.4171012438884803,0.3464101615137755,0.36687813832145,0.031912596235213475,0.10675171923799112,3.443513038714534,0.0005889839569513848,4209320.0,1.0057617808976781e-06,0.0009084981296766459,1.92975431131587e-06,0.10675171923799112
SysABP_last,6878,1122,121.38303786025766,118.50195601818756,120.97896613190731,120.97896613190731,-2.8810818420701025,-0.11542015090467916,-3.43984091458357,0.0005988807128027787,3615010.5,0.0005783637584491867,0.0009177652481912713,0.0007982096315439068,0.11542015090467916
MAP_median,6878,1122,80.19063705716357,78.92944529463348,80.01375491246874,80.01375491246874,-1.261191762530089,-0.1094489511740515,-3.370695772139654,0.0007689468886748769,3583404.5,0.0001005587141157121,0.0011707836498533611,0.0001561306350743951,0.1094489511740515
SysABP_median,6878,1122,119.29273034123109,117.26589741389994,119.00846702317293,119.00846702317293,-2.0268329273311565,-0.11295110368640612,-3.358769620616531,0.0008036574761084063,3607726.0,0.00039335964389856524,0.0012157895151383583,0.0005626234906670388,0.11295110368640612
Na_mean,6878,1122,138.85931564763612,139.38286909987613,138.9327440193128,139.5,0.5235534522400087,0.11453629489264798,3.2381868293164477,0.0012325939299527003,4185659.0,5.090618838299587e-06,0.001852816353304696,9.032977788260921e-06,0.11453629489264798
GCS_first,6878,1122,10.164108557852156,9.671586914758048,11.0,10.0,-0.49252164309410773,-0.1027814766025389,-3.2328989238932886,0.0012513532740879513,3594065.5,0.00013622681405623213,0.0018691099537009905,0.0002065976625321208,0.1027814766025389
MAP_mean,6878,1122,81.19274850508899,79.97201635133172,81.02154082052452,81.02154082052452,-1.2207321537572682,-0.1055738732237518,-3.2309370231285444,0.00126102197464944,3606941.5,0.0003762376402431649,0.0018717055724356466,0.0005414151408377251,0.1055738732237518
HCO3_std,6878,1122,1.7978568674105695,1.9297075826746326,1.5275252316519472,1.7320508075688772,0.1318507152640631,0.10649345301453451,3.1966729207881603,0.0014204733657771978,4042348.5,0.010362122486160419,0.0020951982145213668,0.013363174353736934,0.10649345301453451
WBC_mean,6878,1122,12.628193421521544,13.831894611818669,11.5,12.399999999999999,1.2037011902971244,0.07007095058091774,3.1758411015810037,0.0015051875723986262,4224690.0,3.321530983152844e-07,0.0022063619073669303,6.587237916168665e-07,0.07007095058091774
Na_median,6878,1122,138.8986764194717,139.41026966509182,139.0,139.5,0.5115932456201051,0.11054657510660741,3.129676802207399,0.001787960524079314,4173734.0,1.0839112154592804e-05,0.002604683232609371,1.880904756238163e-05,0.11054657510660741
Mg_min,6878,1122,1.7756030418780706,1.8125017850405165,1.8,1.8,0.0368987431624459,0.10416886947406526,3.098463454939755,0.0019834518918020244,3997176.5,0.05218844569602678,0.0028717462973329925,0.06448415279718492,0.10416886947406526
Platelets_min,6878,1122,179.65497158130466,169.1503804016697,164.0,157.0,-10.504591179634957,-0.10296426292470029,-3.089473411717203,0.0020435888292966477,3536339.0,7.053735804299619e-06,0.002940774168987859,1.2422997386676942e-05,0.10296426292470029
DiasABP_std,6878,1122,8.993497880378973,9.37224661048825,9.0466173897768,9.0466173897768,0.3787487301092778,0.10109136620034874,3.024991092755178,0.0025307113397199372,4092122.5,0.000958182581582598,0.003619684098023668,0.0012921776528771035,0.10109136620034874
MAP_std,6878,1122,12.161925169334177,12.763951059787388,12.24635930047024,12.24635930047024,0.602025890453211,0.10153755061702403,2.9537654705942935,0.0031924447688347897,4080305.0,0.0017117720477646356,0.004538656418343436,0.0022695404678227753,0.10153755061702403
Platelets_last,6878,1122,192.82351191006222,182.71980915364875,175.0,163.5,-10.103702756413469,-0.09553293432875597,-2.8861162111765877,0.003958018715983573,3538610.0,8.18066124543254e-06,0.00559336776630014,1.4301007806830217e-05,0.09553293432875597
SysABP_first,6878,1122,117.79374020035463,114.28729160113242,117.30196078431372,117.30196078431372,-3.5064485992222103,-0.09764029617133281,-2.8019481203224905,0.005151786369479368,3680844.0,0.012028000649539294,0.007237033233316255,0.015427218224409097,0.09764029617133281
Temp_count,6878,1122,21.5734225065426,20.120320855614974,14.0,14.0,-1.4531016509276249,-0.08695926566744597,-2.7796781611692403,0.005505775025079828,3844732.5,0.8466985394683617,0.007688537904845204,0.8880926902868149,0.08695926566744597
PaCO2_std,6878,1122,4.944267529129098,5.213015052652143,4.981959369303205,4.981959369303205,0.26874752352304476,0.09867645820316616,2.7691977101197196,0.005698176239260968,3869968.5,0.8713003640803333,0.007910409367444637,0.9044899495363583,0.09867645820316616
static_Height,6878,1122,169.84307223932376,168.99812911057842,169.72456896551725,169.72456896551725,-0.8449431287453422,-0.07523048797391256,-2.6963595894700725,0.007070042602074591,3681489.0,0.008883986515372548,0.009700756128427928,0.011519894602351217,0.07523048797391256
pH_min,6878,1122,7.348476836498449,7.298253705189717,7.3414330423324,7.33,-0.050223131308731794,-0.047430156293179516,-2.696077720029131,0.007031376993179446,3433353.0,2.349451039962519e-09,0.009700756128427928,5.181966779730415e-09,0.047430156293179516
Platelets_mean,6878,1122,205.4650071290745,196.14386519131403,190.0,180.16666666666663,-9.321141937760473,-0.08697917029818114,-2.605945408824255,0.009257018859590904,3556316.0,2.5140915792127797e-05,0.01262807197030898,4.1783493851705355e-05,0.08697917029818114
PaCO2_first,6878,1122,41.59006972750069,40.67317135485661,41.461474730737365,40.0,-0.9168983726440771,-0.08974233224800647,-2.5895926672323926,0.009711225090693732,3450082.0,9.528176925405765e-09,0.013171546674734028,2.0629814260511568e-08,0.08974233224800647
K_last,6878,1122,4.0594383295355145,4.105817775735223,4.0,4.0,0.04637944619970824,0.08674605155713472,2.5655206272047035,0.010404835274327688,3979276.5,0.09174685852717246,0.014031663569950482,0.10990994219498833,0.08674605155713472
Platelets_median,6878,1122,204.28040822570017,195.13100607691385,189.0,179.75,-9.149402148786322,-0.08488628038269201,-2.5323801059919053,0.01143571647652582,3559686.0,3.092293685528911e-05,0.01533425618443235,5.10336580269107e-05,0.08488628038269201
pH_last,6878,1122,7.433219876225736,7.3918815143793095,7.427422170976776,7.41,-0.04133836184642625,-0.03900884241886113,-2.273270090667311,0.02303974419920545,3416892.5,5.460702433808915e-10,0.030719658932273936,1.2273578803608607e-09,0.03900884241886113
HCT_std,6878,1122,2.3730908615021855,2.4770917421781813,2.192031021678301,2.328779114274911,0.10400088067599578,0.07038424054720036,2.126699143558974,0.0336134836118734,3993094.5,0.060712963738767806,0.044566191755068096,0.07347825355050873,0.07038424054720036
Mg_first,6878,1122,1.9244154310159596,1.9722639355204583,1.9,1.9,0.047848504504498734,0.07782716121942247,2.1164180494882348,0.034502868279911114,4008641.5,0.035882132407906775,0.045489815162340914,0.04552786692616129,0.07782716121942247
HCT_count,6878,1122,4.563099738296017,4.745989304812834,4.0,4.0,0.18288956651681776,0.0681352998196899,2.0271488811664855,0.04283369852520166,3904885.5,0.5134204927782051,0.05615973806637552,0.5664991962380556,0.0681352998196899
Urine_count,6878,1122,34.35926141320151,33.61675579322638,38.0,37.0,-0.7425056199751268,-0.062047570381221814,-1.9929170496854829,0.04644096040437671,3577179.5,8.684174892536461e-05,0.06055285444990555,0.00013663101830924031,0.062047570381221814
NIDiasABP_first,6878,1122,60.5006218942926,59.435478532351254,60.35123553778032,60.35123553778032,-1.0651433619413453,-0.06511587880083451,-1.9878715048116777,0.04701088965722991,3727082.5,0.06652234811979277,0.06095917559948494,0.08009833753199537,0.06511587880083451
HCT_last,6878,1122,30.7917193380208,31.079258633597956,30.4,30.5,0.2875392955771545,0.06325463723706093,1.9807706282219635,0.04779594755659409,4003499.5,0.043314669284229904,0.061638489745115876,0.05380137868988557,0.06325463723706093
Platelets_max,6878,1122,233.69138360971192,225.95135773611744,214.0,205.5,-7.740025873594476,-0.06557162075145022,-1.9767249867883765,0.04826247439301434,3604812.0,0.000403977092690431,0.06190186933017057,0.0005743288787647091,0.06557162075145022
Temp_std,6878,1122,0.7442474770855361,0.8366318321627171,0.5569748535938095,0.6035509233663843,0.09238435507718101,0.06534493878846648,1.9089758870942788,0.056471538738846076,4326699.0,6.740688482285547e-11,0.07203936833712256,1.6923430657653076e-10,0.06534493878846648
Platelets_first,6878,1122,215.97635888952976,208.69770241468424,199.0,193.0,-7.278656474845519,-0.062281273553357,-1.88610330377058,0.059480025974051894,3656202.0,0.004786798619577136,0.07546928026815186,0.0062760248567789115,0.062281273553357
NIDiasABP_max,6878,1122,79.54350961120123,78.49949192386828,79.39708613055278,79.39708613055278,-1.0440176873329534,-0.0576252140033686,-1.7804538909363044,0.07520430198986791,3709843.0,0.03794659443553454,0.09491024208346967,0.04788981971543396,0.0576252140033686
NIMAP_max,6878,1122,97.01961209978123,96.01897356570181,96.8792725453766,96.8792725453766,-1.000638534079414,-0.05620654779605686,-1.727054680713253,0.08436564333921483,3722889.5,0.05832659594524834,0.10590580759603564,0.07109374413993808,0.05620654779605686
Temp_last,6878,1122,36.99961665588348,36.8990804485248,37.0,36.9,-0.10053620735867952,-0.058865635711137565,-1.7151658941507892,0.0865390854650158,3547647.5,1.4330094426488972e-05,0.10805938714150122,2.4506538294575346e-05,0.058865635711137565
PaCO2_max,6878,1122,47.52320697356918,46.883381256396504,47.433471416735706,46.0,-0.6398257171726769,-0.05889043952636832,-1.6888448110832928,0.09147942653005092,3508282.0,8.609217471988984e-07,0.1136270771636422,1.665389609335574e-06,0.05889043952636832
NIMAP_first,6878,1122,79.58819243577284,78.65186808479417,79.45687294554808,79.45687294554808,-0.9363243509786656,-0.05497347444049933,-1.67095589478828,0.09494428644304971,3754449.0,0.1462719297118496,0.11731335916523421,0.1743443202626086,0.05497347444049933
Temp_max,6878,1122,37.917195867988944,37.96326069818787,37.8,37.9,0.04606483019892238,0.0564416753702599,1.620921252911798,0.10526695977176574,3899562.5,0.5671993300222348,0.1293906380527954,0.6197177865057749,0.0564416753702599
NISysABP_first,6878,1122,120.92220566660734,119.56417490900262,120.73174185285328,120.73174185285328,-1.3580307576047232,-0.050053698697986405,-1.513820511915842,0.13028892380582074,3722944.0,0.05844146764045757,0.15931702600089998,0.07109374413993808,0.050053698697986405
K_mean,6878,1122,4.127460485993925,4.151250453569032,4.078888888888889,4.081666666666667,0.023789967575106985,0.048104928522658755,1.4445231947897141,0.14880970098213453,3908746.0,0.48409765377730785,0.18102623418445232,0.5389011617520973,0.048104928522658755
K_median,6878,1122,4.108595706315395,4.132393464112988,4.1,4.05,0.023797757797592745,0.04805409607006046,1.4368925265527874,0.1509673333408538,3892758.0,0.633202853047937,0.1827091829150846,0.6792539696332416,0.04805409607006046
static_Gender,6878,1122,0.566144310201449,0.543282475880515,1.0,1.0,-0.022861834320933916,-0.04602199762370558,-1.4265571406038198,0.15391492158483996,3770317.5,0.1524079132256451,0.185326130071542,0.17984133760626123,0.04602199762370558
Urine_missing,6878,1122,0.02431725321088697,0.03208556149732621,0.0,0.0,0.007768308286439235,0.04693985363244443,1.3918948092888042,0.16417321412627423,3883245.0,0.21711531927042071,0.1966745103238615,0.247532441293813,0.04693985363244443
NIMAP_missing,6878,1122,0.12623477806111957,0.11229946524064172,0.0,0.0,-0.013935312820477858,-0.04301201100899649,-1.3603107034043254,0.17392904158599776,3800505.0,0.15827400435565764,0.20730936269846198,0.1849141833066099,0.04301201100899649
Platelets_std,6878,1122,26.894055852101236,27.84241930452004,22.225575137424165,22.05197712382155,0.9483634524188034,0.04137942187077793,1.272691501034208,0.2033263336326439,3879674.5,0.7684638761182714,0.2411307273231355,0.8096315837674645,0.04137942187077793
Temp_min,6878,1122,35.18074110228067,34.95444210578284,35.9,35.7,-0.2262989964978317,-0.04108242580735181,-1.2689234194265666,0.20466557012805447,3295599.5,3.934379033581692e-15,0.24150537275110426,1.2793187624440225e-14,0.04108242580735181
NISysABP_missing,6878,1122,0.12230375931531164,0.10962566844919786,0.0,0.0,-0.012678090866113781,-0.03960917382454665,-1.25128182813511,0.21102047166933105,3805320.0,0.18990192594373612,0.24776532992020958,0.21969046334667514,0.03960917382454665
NIDiasABP_missing,6878,1122,0.1255070946854548,0.11319073083778966,0.0,0.0,-0.01231636384766513,-0.03800175555917767,-1.1992127391715532,0.23062881670024743,3806754.0,0.20724271190468124,0.26944752842207126,0.2374463553890938,0.03800175555917767
HR_min,6878,1122,68.39516618912191,69.00596550149994,68.0,69.0,0.6107993123780346,0.038663151339959206,1.1120948540449516,0.26629405632990166,4004735.5,0.0415137539434061,0.30958323790077236,0.05211301026938212,0.038663151339959206
Temp_first,6878,1122,36.45496553375639,36.35664779280695,36.6,36.6,-0.09831774094944024,-0.037849306791917295,-1.1046380685991526,0.26950841305853507,3756286.0,0.15371370898157383,0.31178424255791315,0.18047977770970858,0.037849306791917295
HCT_max,6878,1122,34.10962960933728,34.274626632591264,33.6,33.6,0.16499702325398147,0.03396577938011679,1.0355699882454734,0.30057320371451207,3903771.0,0.5284859658190393,0.34602573695914557,0.5801055252711315,0.03396577938011679
DiasABP_max,6878,1122,83.52186692541619,82.94907584813217,83.44153297682709,83.44153297682709,-0.5727910772840232,-0.032619972257551276,-0.9793398195138353,0.3275768698453423,3781575.0,0.2766424038181565,0.375282239240295,0.31238089617743986,0.032619972257551276
pH_std,6878,1122,0.13676992941618865,0.3869321005752967,0.060424751653616646,0.0568330889535313,0.25016217115910805,0.039148007273261405,0.9619438043537119,0.336279164883437,3576840.0,6.401459665318475e-05,0.38339073870768664,0.00010207732979832162,0.039148007273261405
PaO2_last,6878,1122,116.92935604415919,118.49300355029168,117.14865760689426,115.0,1.563647506132483,0.03299689122247629,0.9573859867188738,0.33854090014381466,3768770.5,0.20726249665319207,0.38411371362471275,0.2374463553890938,0.03299689122247629
FiO2_max,6878,1122,0.8332557124429617,0.8390783550582406,0.8340723380697546,1.0,0.005822642615278872,0.029672182465963842,0.8946762401063674,0.3711090458806051,4072726.0,0.0015194577043214964,0.41905136281254934,0.002025943605761995,0.029672182465963842
FiO2_first,6878,1122,0.7824958645769483,0.7767392787442612,0.781688503413914,0.781688503413914,-0.005756585832687122,-0.02677907515610577,-0.8068199049876656,0.41990304624630026,3861851.5,0.9616911329704755,0.47189104244822316,0.9699107153035565,0.02677907515610577
pH_mean,6878,1122,7.4396388441533325,7.532551817783454,7.409999999999999,7.393333333333333,0.09291297363012152,0.03133673390259753,0.7971392314920539,0.42552905517416806,3375871.0,1.2286023685662932e-11,0.47594718967347704,3.3715134765307583e-11,0.03133673390259753
pH_max,6878,1122,7.712204169340711,8.210242372566343,7.47,7.46,0.4980382032256321,0.02964799229947967,0.751731806993535,0.4523613236667994,3334725.0,1.8477202203409013e-13,0.5035720395536069,5.519771797474085e-13,0.02964799229947967
HCT_min,6878,1122,28.63710511621615,28.533502940859613,28.2,28.0,-0.1036021753565386,-0.01956486488257098,-0.6049935086940804,0.5452748147878966,3826880.5,0.658767939900526,0.6041542548823644,0.7034806960023716,0.01956486488257098
K_first,6878,1122,4.17616120072739,4.1617585827704735,4.1,4.1,-0.01440261795691633,-0.01947479952832975,-0.6010226240979439,0.5479159876818347,3805111.5,0.455704717761797,0.6042437994995934,0.5096981677335739,0.01947479952832975
MAP_max,6878,1122,117.89836754205719,118.50201896017101,117.98302965344766,117.98302965344766,0.6036514181138273,0.019487818582610276,0.5853537794352486,0.5584016647903745,3846066.5,0.8598625741894108,0.6129432227466437,0.8979095907464644,0.019487818582610276
WBC_std,6878,1122,3.0724176370582215,2.6895954960683377,1.9091883092036785,2.131796544228478,-0.38282214098988376,-0.009490621777569793,-0.5532842370781611,0.58008629980005,4126343.0,0.00018898581537170933,0.6337979942259806,0.0002822826103020469,0.009490621777569793
MAP_first,6878,1122,84.19778945010167,83.77323580996269,84.13824580207218,84.13824580207218,-0.42455364013898134,-0.017185260730874976,-0.49568364674828647,0.620197494485969,3715372.5,0.042989813565021455,0.6745005009156161,0.05368040212351886,0.017185260730874976
n_missing_minus1_values,6878,1122,0.5617912183774353,0.571301247771836,0.0,1.0,0.00951002939440071,0.015237607377684453,0.4896097722584502,0.6244774616244482,3951252.5,0.14760516286702496,0.6760398208411457,0.17504933887747687,0.015237607377684453
NISysABP_max,6878,1122,143.99710581393506,143.61882204671718,143.94405151558274,143.94405151558274,-0.37828376721788004,-0.014196287440559544,-0.42681249753559786,0.6695796836106178,3832268.0,0.7137321394506856,0.7215561887310767,0.7553398426473623,0.014196287440559544
Glucose_min,6878,1122,108.92493438198863,108.56238207787048,107.0,107.5,-0.36255230411815376,-0.011835251274350185,-0.3550364487395601,0.7226144207771448,3867108.0,0.9051192529443041,0.7751681968336643,0.9327866536893265,0.011835251274350185
Mg_std,6878,1122,0.24295074746651313,0.24572857134427123,0.216794833886788,0.2121320343559642,0.002777823877758101,0.01088927553771589,0.3090509702426461,0.7573309089282134,3811725.5,0.5136899491311182,0.8087334593079564,0.5664991962380556,0.01088927553771589
NIDiasABP_count,6878,1122,24.71009014248328,24.524064171122994,21.0,19.0,-0.1860259713602872,-0.008850100472226712,-0.2724889970407594,0.7852837940039441,3855770.5,0.9689726872525225,0.8348061954276162,0.9730959752833843,0.008850100472226712
NISysABP_count,6878,1122,24.744111660366386,24.56417112299465,21.0,19.0,-0.17994053737173488,-0.008564194066975945,-0.26368854402016284,0.7920563733448659,3856576.5,0.9779445710452604,0.8349657973221011,0.9779445710452604,0.008564194066975945
HCT_mean,6878,1122,31.41373534798939,31.45216228803727,30.8,30.6125,0.03842694004788072,0.00850103126802124,0.26309958414145385,0.7925099093226722,3866685.0,0.9097998127338677,0.8349657973221011,0.9335337208921426,0.00850103126802124
HCT_median,6878,1122,31.433498785552334,31.471216715598008,30.875,30.700000000000003,0.03771793004567314,0.008285562009407877,0.255786761493255,0.7981506522726959,3862799.5,0.9528532459695723,0.8371713508282499,0.969281750210427,0.008285562009407877
Na_min,6878,1122,136.99252890938033,137.02493979252625,137.0,137.0,0.03241088314592844,0.006753332795766359,0.19429073566011087,0.8459772697336649,3945861.0,0.22216314571044948,0.877315880945726,0.25206972301762537,0.006753332795766359
GCS_missing,6878,1122,0.014996937506573533,0.0142602495543672,0.0,0.0,-0.0007366879522063326,-0.006136693312419874,-0.19224429854475295,0.8475763595577352,3850269.0,0.5963602193754579,0.877315880945726,0.645600971433982,0.006136693312419874
Temp_missing,6878,1122,0.014996937506573533,0.0142602495543672,0.0,0.0,-0.0007366879522063326,-0.006136693312419874,-0.19224429854475295,0.8475763595577352,3850269.0,0.5963602193754579,0.877315880945726,0.645600971433982,0.006136693312419874
Na_first,6878,1122,138.85941434940275,138.89232101341727,139.0,139.0,0.03290666401451858,0.006422394153410983,0.18535362458155727,0.8529792229217066,3922996.0,0.3676108104976663,0.8790528236223701,0.41312452989261544,0.006422394153410983
NIMAP_count,6878,1122,24.358679848793255,24.25579322638146,21.0,19.0,-0.1028866224117948,-0.0049417636020449825,-0.15200070049508171,0.8792069850563157,3862053.0,0.9611012805790164,0.8982374392783139,0.9699107153035565,0.0049417636020449825
HR_missing,6878,1122,0.014851364438173479,0.0142602495543672,0.0,0.0,-0.0005911148838062784,-0.0049361482315821,-0.15436374554080448,0.8773433517046432,3850830.0,0.6201150847083814,0.8982374392783139,0.6682518721058357,0.0049361482315821
HCT_first,6878,1122,31.95072101876852,31.978804491000886,31.9,31.8,0.028083472232367512,0.004663430726159776,0.14289933246147427,0.8863891366054296,3851117.5,0.9173900404244707,0.901671707926213,0.9372469677063857,0.004663430726159776
pH_median,6878,1122,7.419659121089593,7.424732157144615,7.41,7.4,0.005073036055022406,0.003618531531388774,0.11793626344481761,0.9061326736589387,3592925.0,0.0001910426936842048,0.9177996179549764,0.0002835602245878763,0.003618531531388774
pH_first,6878,1122,7.439294955414911,7.442924408169402,7.42,7.39,0.0036294527544908917,0.001511796361021522,0.04404531153385273,0.9648746521258739,3371683.0,8.050944989801257e-12,0.9731214440243856,2.2353211971683493e-11,0.001511796361021522
SysABP_max,6878,1122,158.60418565692157,158.61882524521718,158.60623885918002,158.60623885918002,0.014639588295608519,0.0005581401013703267,0.01637235113876633,0.986939681192395,3869796.0,0.8738292732808886,0.991139424516618,0.9044899495363583,0.0005581401013703267
WBC_max,6878,1122,16.641444331964596,16.649848923621906,13.5,14.7,0.008404591657310334,7.852763200869927e-05,0.004543067873915129,0.9963752930618779,4264567.0,1.511743627081177e-08,0.9963752930618779,3.243377236283253e-08,7.852763200869927e-05
