true_label,predicted_probability,predicted_label_tuned_threshold
0,0.11500845,0
1,0.1484265,0
0,0.037615452,0
0,0.020950807,0
0,0.019282622,0
0,0.02781953,0
0,0.0057159117,0
0,0.012109852,0
0,0.0060952045,0
0,0.25193495,0
1,0.053067945,0
0,0.3894573,1
0,0.011448698,0
0,0.03406917,0
0,0.010692966,0
0,0.006487421,0
0,0.20578781,0
0,0.20360252,0
0,0.009200464,0
1,0.25262016,0
0,0.08586035,0
0,0.2075505,0
0,0.027358491,0
0,0.0148083605,0
0,0.015133209,0
0,0.31660026,1
0,0.080246694,0
0,0.52352124,1
0,0.00957086,0
0,0.05032481,0
1,0.20831789,0
0,0.13194074,0
0,0.08954324,0
0,0.02223787,0
0,0.011428312,0
1,0.43017447,1
0,0.0074891252,0
0,0.012490211,0
0,0.017071199,0
0,0.054135848,0
0,0.24404041,0
0,0.058106188,0
0,0.36880726,1
1,0.17505273,0
0,0.09075483,0
0,0.005293417,0
0,0.15505247,0
0,0.67010313,1
0,0.009221526,0
0,0.0069627003,0
0,0.007972404,0
0,0.06732703,0
0,0.14578679,0
0,0.13908817,0
0,0.19832449,0
1,0.3296107,1
0,0.019685121,0
0,0.027445288,0
0,0.16121632,0
0,0.017945878,0
0,0.13557135,0
1,0.41508684,1
0,0.123369515,0
0,0.027755884,0
1,0.67193395,1
0,0.029468948,0
0,0.02888662,0
1,0.37735528,1
1,0.011968438,0
0,0.23953846,0
0,0.37316862,1
0,0.012864485,0
0,0.021757146,0
0,0.6180888,1
0,0.2162272,0
0,0.008945676,0
0,0.04370243,0
0,0.044367135,0
0,0.42165038,1
0,0.019287068,0
0,0.1976116,0
0,0.22732522,0
0,0.017088642,0
1,0.01500626,0
0,0.12584083,0
0,0.082753174,0
0,0.015555603,0
0,0.15597051,0
0,0.08645243,0
1,0.08889127,0
0,0.008949844,0
0,0.2911991,0
0,0.016565602,0
0,0.010806515,0
0,0.016199673,0
0,0.09814126,0
0,0.2722726,0
0,0.09457815,0
1,0.39582753,1
0,0.29110256,0
0,0.05870657,0
0,0.04392605,0
0,0.011472727,0
0,0.005081707,0
0,0.045882102,0
0,0.01399351,0
1,0.34086227,1
0,0.01756318,0
0,0.2799339,0
0,0.010813511,0
0,0.0679052,0
0,0.20213062,0
0,0.17749296,0
0,0.009769214,0
1,0.27427885,0
0,0.11809975,0
0,0.011759925,0
0,0.03326172,0
0,0.016185088,0
0,0.13488863,0
0,0.015773742,0
0,0.018284151,0
0,0.050685607,0
0,0.009127042,0
0,0.04121189,0
0,0.10972578,0
0,0.020154117,0
0,0.08913347,0
0,0.31909534,1
1,0.5085164,1
0,0.0074272864,0
1,0.1423177,0
0,0.014435176,0
0,0.04221188,0
0,0.028097717,0
0,0.25820148,0
0,0.5825323,1
0,0.39516154,1
0,0.004734362,0
0,0.038043834,0
0,0.011014126,0
1,0.3627899,1
0,0.009621767,0
1,0.2235697,0
0,0.6971855,1
0,0.031924944,0
0,0.02282872,0
0,0.00333915,0
1,0.7318651,1
0,0.004979401,0
1,0.076895855,0
0,0.003984247,0
0,0.006454185,0
0,0.005001644,0
0,0.009393783,0
0,0.028806584,0
0,0.008894529,0
1,0.5872223,1
1,0.3420614,1
0,0.052556448,0
0,0.3635352,1
0,0.020019438,0
0,0.09192422,0
0,0.33860686,1
0,0.3810328,1
1,0.24589187,0
0,0.0046703178,0
0,0.09154833,0
0,0.019166065,0
1,0.11338034,0
0,0.48702544,1
0,0.094535954,0
0,0.6342798,1
0,0.0050979387,0
0,0.018102188,0
0,0.011428065,0
0,0.013490735,0
1,0.36737332,1
0,0.011483115,0
0,0.0046482547,0
0,0.1519978,0
0,0.54868597,1
0,0.055054348,0
1,0.8794139,1
0,0.6563799,1
0,0.20473427,0
0,0.023720294,0
0,0.03721287,0
0,0.00882616,0
0,0.0688818,0
0,0.029026859,0
0,0.011584819,0
1,0.10998795,0
0,0.06618557,0
0,0.016939638,0
0,0.7611627,1
0,0.054593354,0
0,0.01980693,0
0,0.08099196,0
0,0.034389157,0
0,0.019248,0
0,0.02590081,0
0,0.016839402,0
0,0.0063336287,0
1,0.6082148,1
1,0.46720043,1
1,0.08978063,0
0,0.009397103,0
0,0.057621058,0
1,0.0881875,0
0,0.009017101,0
0,0.014159135,0
0,0.0049452162,0
1,0.91506153,1
0,0.010945311,0
0,0.02668543,0
0,0.020359013,0
0,0.009785105,0
1,0.19040467,0
0,0.013791018,0
0,0.0038891032,0
0,0.01183694,0
0,0.006360047,0
0,0.25342304,0
0,0.0469417,0
0,0.073225796,0
1,0.26724884,0
0,0.011677101,0
0,0.0073719714,0
0,0.06480053,0
0,0.35006642,1
0,0.006594974,0
0,0.020065289,0
0,0.3842603,1
0,0.0038874925,0
1,0.5612522,1
0,0.043235682,0
0,0.07195048,0
0,0.006775464,0
0,0.028317802,0
0,0.079821266,0
0,0.019504512,0
0,0.2932312,0
0,0.023121236,0
0,0.8101375,1
0,0.0044327043,0
0,0.09575891,0
0,0.27645373,0
0,0.010048318,0
0,0.09426244,0
1,0.02572393,0
0,0.028031038,0
0,0.36997268,1
1,0.28182095,0
0,0.02527208,0
0,0.006944042,0
0,0.023808815,0
0,0.06250891,0
1,0.07863846,0
0,0.049363207,0
0,0.0077024307,0
0,0.0043897056,0
0,0.0046589714,0
0,0.20993233,0
0,0.05806675,0
0,0.0068816915,0
0,0.022361742,0
0,0.18928285,0
0,0.0081529245,0
0,0.0069471793,0
0,0.38965556,1
0,0.22846526,0
0,0.364963,1
0,0.14121486,0
1,0.06306481,0
0,0.03724273,0
0,0.012892201,0
1,0.10952653,0
1,0.6988757,1
0,0.018011173,0
0,0.0045550563,0
0,0.008847748,0
1,0.39133245,1
0,0.021915779,0
0,0.013537987,0
0,0.022878591,0
0,0.03211203,0
0,0.3500469,1
0,0.009866212,0
0,0.0030088942,0
1,0.77653766,1
0,0.14380854,0
1,0.045028236,0
0,0.030161517,0
0,0.19811061,0
0,0.039082,0
1,0.7508125,1
0,0.004393861,0
0,0.010020598,0
0,0.04665138,0
0,0.03338857,0
0,0.13068743,0
0,0.64700085,1
0,0.034465536,0
0,0.051465347,0
0,0.061165854,0
0,0.017725294,0
0,0.0047352384,0
0,0.016747601,0
0,0.015505075,0
0,0.029242555,0
0,0.492255,1
0,0.06582134,0
0,0.055398796,0
0,0.051656667,0
0,0.13359652,0
0,0.047688834,0
0,0.20591252,0
0,0.05001535,0
0,0.2861086,0
0,0.0100651225,0
0,0.059809726,0
0,0.114439234,0
0,0.017478544,0
0,0.019058334,0
0,0.8975327,1
0,0.04950017,0
0,0.017560916,0
0,0.019358316,0
0,0.14780997,0
1,0.17116241,0
0,0.0060586133,0
0,0.006764825,0
0,0.16268077,0
0,0.020835258,0
0,0.32318527,1
0,0.16614406,0
0,0.3196434,1
0,0.037844963,0
0,0.017959522,0
0,0.059662454,0
0,0.012506455,0
0,0.00553045,0
0,0.20961717,0
0,0.42464733,1
0,0.03232343,0
0,0.025803713,0
0,0.010064856,0
1,0.0977336,0
0,0.014378004,0
0,0.039680026,0
0,0.12594664,0
0,0.11498218,0
0,0.42023265,1
0,0.013009684,0
0,0.021237599,0
0,0.004063648,0
0,0.018244488,0
0,0.17128308,0
1,0.12232056,0
1,0.3647498,1
0,0.4164863,1
0,0.0068507236,0
0,0.030653054,0
0,0.07368973,0
1,0.32524222,1
1,0.45929763,1
0,0.011963493,0
0,0.15966757,0
0,0.18452421,0
0,0.022830194,0
0,0.0110198315,0
0,0.021769917,0
0,0.12809514,0
0,0.04420735,0
0,0.012095849,0
0,0.10209345,0
0,0.016743306,0
0,0.020251947,0
0,0.00705993,0
1,0.58503664,1
0,0.03301247,0
0,0.04372269,0
0,0.19906512,0
0,0.0223582,0
0,0.026646445,0
0,0.006183888,0
1,0.32070762,1
0,0.16962892,0
0,0.019970099,0
0,0.1719744,0
1,0.45592016,1
0,0.64348733,1
0,0.1134013,0
0,0.009342724,0
0,0.021065993,0
0,0.019462535,0
1,0.8026965,1
0,0.0048461547,0
0,0.02430694,0
0,0.084340945,0
0,0.14476651,0
0,0.10921384,0
0,0.030571068,0
0,0.011362877,0
0,0.010426955,0
0,0.09349887,0
1,0.43957308,1
0,0.010541514,0
0,0.18870525,0
0,0.40910044,1
1,0.11655185,0
0,0.11248257,0
0,0.012142633,0
1,0.50801486,1
0,0.06725865,0
1,0.4031652,1
0,0.0086623235,0
0,0.24190445,0
1,0.2261199,0
1,0.521897,1
0,0.28007635,0
0,0.04709481,0
0,0.0447159,0
0,0.049650837,0
0,0.13518639,0
0,0.09658028,0
0,0.1950228,0
1,0.15443796,0
0,0.0307155,0
0,0.09043194,0
0,0.617049,1
0,0.013015969,0
0,0.09061915,0
0,0.13355872,0
0,0.17268093,0
0,0.007208041,0
0,0.021149725,0
0,0.004395075,0
0,0.015813952,0
0,0.011691958,0
1,0.44435757,1
0,0.09143572,0
1,0.14839269,0
0,0.3226169,1
0,0.024192449,0
0,0.10164989,0
0,0.15852012,0
0,0.005151816,0
0,0.018065905,0
0,0.0192069,0
0,0.078721,0
0,0.19601715,0
0,0.004822764,0
0,0.007852797,0
0,0.033465426,0
1,0.47315037,1
0,0.008268344,0
0,0.01636828,0
0,0.02695263,0
0,0.28024942,0
0,0.031084863,0
0,0.03461252,0
0,0.004740138,0
0,0.02058595,0
1,0.25391832,0
0,0.03029948,0
0,0.029267276,0
0,0.06893817,0
0,0.7618958,1
0,0.0073392093,0
0,0.14068496,0
0,0.09397786,0
0,0.020485822,0
1,0.074811816,0
0,0.29683498,0
0,0.07846583,0
1,0.6705268,1
0,0.0122918915,0
0,0.0442718,0
0,0.014813412,0
0,0.05679916,0
0,0.021342533,0
0,0.14688383,0
0,0.03883906,0
0,0.06710267,0
1,0.13063338,0
0,0.5992837,1
0,0.00433135,0
0,0.38651738,1
0,0.07311046,0
0,0.00511199,0
0,0.009279084,0
0,0.00566797,0
0,0.101657964,0
0,0.077011235,0
1,0.8001567,1
1,0.18330428,0
0,0.014164493,0
0,0.15811846,0
1,0.90689605,1
0,0.09093995,0
0,0.086108,0
0,0.48860848,1
0,0.120131776,0
0,0.05067861,0
0,0.0065507614,0
0,0.029105831,0
0,0.42417133,1
0,0.21833271,0
0,0.03142437,0
0,0.142608,0
0,0.0043901056,0
1,0.7981399,1
0,0.021503275,0
0,0.059206113,0
0,0.08413516,0
0,0.040818784,0
0,0.06077247,0
0,0.11837017,0
0,0.034587473,0
0,0.034896716,0
0,0.22769524,0
0,0.023764404,0
0,0.31104234,1
0,0.028477835,0
0,0.14528684,0
0,0.024365837,0
0,0.07118974,0
0,0.1327438,0
0,0.50054777,1
0,0.006750202,0
0,0.35653815,1
0,0.13888377,0
0,0.020331414,0
0,0.019102242,0
0,0.042714484,0
0,0.08496661,0
0,0.11488299,0
1,0.69231504,1
0,0.06671909,0
0,0.70881844,1
0,0.12220932,0
0,0.009291528,0
0,0.12851456,0
0,0.05443643,0
0,0.053121127,0
0,0.021882752,0
0,0.009978976,0
0,0.011604207,0
0,0.018403072,0
1,0.3216644,1
0,0.006098666,0
1,0.382817,1
0,0.013913319,0
0,0.008432527,0
0,0.28302196,0
1,0.797993,1
0,0.15627654,0
0,0.36435488,1
0,0.025620686,0
0,0.01921899,0
0,0.09262877,0
0,0.14597866,0
0,0.0043800464,0
0,0.019888915,0
0,0.018779185,0
0,0.003660229,0
1,0.5990596,1
0,0.34748533,1
0,0.37792107,1
0,0.023359558,0
0,0.0061123613,0
0,0.0062223426,0
1,0.18307306,0
1,0.46247876,1
0,0.016093018,0
0,0.081517935,0
0,0.0889589,0
0,0.40442583,1
0,0.0036614393,0
1,0.36010796,1
1,0.572142,1
0,0.010176289,0
0,0.01682389,0
0,0.6257911,1
0,0.25279105,0
0,0.18470606,0
0,0.010614731,0
0,0.0155696375,0
0,0.1589303,0
0,0.0045051603,0
0,0.5336635,1
0,0.0470358,0
0,0.02786232,0
0,0.01779556,0
0,0.060146436,0
0,0.012783158,0
0,0.016462887,0
0,0.13108869,0
0,0.01034155,0
0,0.007269271,0
1,0.0256213,0
0,0.17952968,0
0,0.18576445,0
0,0.010217981,0
0,0.00514094,0
0,0.13575225,0
0,0.18532306,0
0,0.057636384,0
0,0.007303573,0
0,0.031822797,0
0,0.0063379155,0
0,0.0148471305,0
0,0.6422888,1
1,0.3596559,1
0,0.079161026,0
0,0.010934883,0
1,0.27696395,0
0,0.005233141,0
0,0.17154059,0
0,0.55717134,1
0,0.040264282,0
0,0.54367495,1
1,0.23270068,0
0,0.2449577,0
0,0.08225391,0
0,0.10040731,0
0,0.30447832,0
0,0.007973121,0
0,0.030612232,0
0,0.53429073,1
0,0.035179093,0
0,0.019920394,0
0,0.004081015,0
1,0.6984816,1
0,0.010038901,0
0,0.013691449,0
0,0.18071468,0
0,0.0132474825,0
0,0.0031570646,0
0,0.019130593,0
0,0.26909667,0
0,0.013402833,0
0,0.041862458,0
0,0.112259686,0
1,0.31999967,1
0,0.13189474,0
0,0.008932094,0
0,0.054260388,0
0,0.38727376,1
1,0.3267178,1
0,0.02335556,0
0,0.006890858,0
0,0.005170149,0
0,0.0776958,0
0,0.009086321,0
0,0.011999603,0
0,0.012623855,0
0,0.009342478,0
0,0.014334887,0
0,0.2781538,0
0,0.030370865,0
0,0.43792787,1
0,0.012929532,0
0,0.021035286,0
0,0.47529963,1
0,0.004456513,0
0,0.021017123,0
1,0.78009194,1
0,0.004725352,0
0,0.056907598,0
0,0.0042526927,0
0,0.09208432,0
1,0.63269234,1
0,0.020094799,0
0,0.0036444734,0
0,0.08184239,0
0,0.028614804,0
0,0.008219083,0
1,0.9100638,1
0,0.009248864,0
0,0.19784698,0
0,0.07384466,0
1,0.49983805,1
0,0.009597647,0
1,0.4179253,1
0,0.06706297,0
0,0.0715969,0
0,0.01770928,0
0,0.55332834,1
0,0.057455953,0
0,0.018396927,0
1,0.78397614,1
0,0.014838708,0
1,0.1333298,0
0,0.043515734,0
0,0.016165987,0
0,0.0139740305,0
1,0.17960535,0
0,0.0044161766,0
0,0.019539097,0
0,0.5556841,1
0,0.041601714,0
0,0.041001298,0
0,0.6152362,1
1,0.31502777,1
0,0.0033459617,0
0,0.010397294,0
0,0.04210346,0
1,0.47271448,1
0,0.3921808,1
0,0.020604307,0
0,0.005386,0
0,0.008457915,0
1,0.52857417,1
0,0.25628442,0
0,0.09922436,0
0,0.051131666,0
0,0.009976465,0
0,0.013633636,0
0,0.04038659,0
1,0.54808277,1
1,0.77917767,1
0,0.03098664,0
0,0.024433857,0
0,0.2761075,0
1,0.4464556,1
0,0.021680951,0
0,0.033907585,0
0,0.09041172,0
1,0.644454,1
0,0.1728434,0
0,0.015508895,0
1,0.041707203,0
0,0.3924303,1
0,0.017150197,0
1,0.7110852,1
0,0.078020416,0
0,0.008027282,0
0,0.004747799,0
1,0.70318764,1
0,0.0804345,0
0,0.011553536,0
1,0.10137493,0
0,0.01398371,0
0,0.16811006,0
0,0.40505508,1
0,0.010971906,0
0,0.009927725,0
0,0.04557682,0
0,0.18064032,0
0,0.024603348,0
0,0.076671936,0
0,0.10359536,0
0,0.06342195,0
0,0.059554122,0
0,0.012793036,0
0,0.3478495,1
0,0.022062492,0
0,0.007146337,0
0,0.4688845,1
0,0.010704937,0
0,0.020957509,0
0,0.00441026,0
0,0.030640475,0
0,0.0084347725,0
0,0.108486585,0
0,0.005669287,0
0,0.020784922,0
0,0.3127703,1
0,0.5456732,1
0,0.025608523,0
0,0.008123648,0
0,0.45101672,1
0,0.01956225,0
0,0.2400428,0
0,0.007613298,0
0,0.012842428,0
0,0.17037864,0
0,0.06542839,0
0,0.073443644,0
0,0.021424562,0
1,0.78575456,1
0,0.03535608,0
1,0.80094236,1
0,0.005650095,0
0,0.00997811,0
0,0.019192759,0
0,0.050295386,0
0,0.024450962,0
0,0.043488156,0
0,0.2721903,0
0,0.00959042,0
0,0.016667478,0
0,0.0149951205,0
0,0.0341651,0
0,0.027237942,0
0,0.0074922484,0
1,0.6283146,1
0,0.033656143,0
0,0.22892676,0
0,0.118297085,0
0,0.023276104,0
0,0.007627982,0
0,0.015402742,0
0,0.13979405,0
0,0.018533455,0
0,0.06717931,0
0,0.011411338,0
0,0.044465255,0
0,0.030444574,0
0,0.056773286,0
0,0.007945342,0
0,0.021354148,0
0,0.02062994,0
0,0.004747461,0
0,0.019825153,0
0,0.066831805,0
0,0.003358632,0
0,0.02423662,0
0,0.49254346,1
0,0.040005244,0
1,0.5445297,1
0,0.014790591,0
1,0.14272802,0
1,0.40790436,1
0,0.0052508754,0
0,0.32018092,1
0,0.039972946,0
0,0.00917318,0
0,0.015796106,0
0,0.01161584,0
0,0.015163171,0
0,0.020964403,0
0,0.39855346,1
0,0.01385425,0
1,0.42812738,1
0,0.15119384,0
0,0.16213205,0
0,0.016544804,0
0,0.115316495,0
1,0.75483364,1
1,0.5249679,1
0,0.020320028,0
0,0.36034554,1
0,0.0042860606,0
0,0.19311738,0
0,0.027400069,0
0,0.46245164,1
0,0.26665857,0
1,0.7366725,1
0,0.02563491,0
1,0.17988978,0
0,0.007883349,0
0,0.06646269,0
0,0.012995934,0
0,0.0035703683,0
0,0.08898015,0
1,0.35211107,1
0,0.005541402,0
0,0.010527581,0
1,0.58376104,1
1,0.05937941,0
0,0.017265165,0
0,0.07502124,0
1,0.75691366,1
0,0.015491018,0
0,0.014667031,0
0,0.0069552665,0
1,0.87633693,1
0,0.03343961,0
0,0.0168017,0
1,0.21314915,0
0,0.093923666,0
0,0.012085352,0
0,0.006639169,0
0,0.026484936,0
0,0.010403059,0
0,0.038655527,0
1,0.24927528,0
0,0.031695567,0
0,0.022675633,0
1,0.28613046,0
0,0.01022269,0
0,0.016774617,0
0,0.0051633203,0
0,0.024865987,0
0,0.14822352,0
0,0.69694513,1
0,0.023684388,0
0,0.02084016,0
0,0.01198357,0
1,0.055645093,0
0,0.34338796,1
0,0.20963646,0
0,0.0036725055,0
0,0.0644533,0
0,0.010023478,0
1,0.023619356,0
0,0.11413435,0
1,0.65202683,1
1,0.3654761,1
0,0.20399809,0
1,0.52355134,1
0,0.185845,0
1,0.6654764,1
0,0.040720887,0
0,0.055616446,0
0,0.011019436,0
1,0.34897438,1
1,0.057356566,0
1,0.37453157,1
0,0.024241317,0
0,0.009597641,0
0,0.006116856,0
0,0.045327596,0
0,0.12702836,0
1,0.64628166,1
0,0.012523532,0
0,0.014437366,0
0,0.17555614,0
0,0.6301662,1
0,0.027345361,0
0,0.6660937,1
0,0.041367717,0
0,0.0052887336,0
0,0.36173946,1
0,0.05260335,0
0,0.014498135,0
0,0.024176756,0
0,0.012318904,0
0,0.031075846,0
0,0.02016877,0
1,0.42465094,1
0,0.0060472954,0
0,0.0069569433,0
0,0.01154998,0
0,0.009865164,0
0,0.43523762,1
0,0.11432048,0
0,0.013946291,0
0,0.02248307,0
0,0.124088414,0
0,0.022556087,0
1,0.18410519,0
0,0.06843486,0
0,0.025297675,0
0,0.0029335958,0
0,0.0072164163,0
0,0.009699463,0
0,0.020841932,0
0,0.21166296,0
0,0.014863112,0
0,0.013803982,0
0,0.011405455,0
0,0.2777989,0
1,0.03336288,0
0,0.036012486,0
0,0.06587398,0
0,0.008160022,0
0,0.008679965,0
1,0.013323461,0
0,0.13015738,0
0,0.2649219,0
0,0.009073146,0
0,0.2464649,0
0,0.016175227,0
1,0.08654733,0
0,0.027504712,0
0,0.010263844,0
1,0.5569677,1
0,0.14773893,0
0,0.08433785,0
0,0.033714574,0
0,0.41812637,1
0,0.013149606,0
0,0.1600574,0
0,0.0154483,0
0,0.021483323,0
0,0.029350856,0
0,0.029248497,0
0,0.11347911,0
0,0.0077895937,0
1,0.09153576,0
1,0.6438159,1
0,0.065608844,0
0,0.09252101,0
0,0.077982165,0
0,0.036867402,0
0,0.0072510494,0
0,0.009689478,0
1,0.6655351,1
0,0.040820953,0
0,0.18221894,0
1,0.79131585,1
0,0.013972769,0
0,0.04238687,0
0,0.02894048,0
0,0.091468565,0
1,0.10328994,0
0,0.03832723,0
0,0.005812653,0
0,0.5864243,1
0,0.013788534,0
1,0.4019841,1
0,0.0075847716,0
0,0.008226853,0
0,0.17233954,0
0,0.0082144,0
0,0.0100450395,0
0,0.015930159,0
0,0.3014102,0
0,0.14868616,0
0,0.022426926,0
0,0.0129371155,0
0,0.7103705,1
0,0.01517777,0
0,0.042682473,0
0,0.004657059,0
0,0.006172592,0
0,0.024446283,0
0,0.005203048,0
0,0.03195543,0
0,0.049033865,0
0,0.07357985,0
1,0.3502725,1
0,0.008805414,0
0,0.21933265,0
1,0.03306931,0
0,0.032620218,0
0,0.11842919,0
0,0.010390128,0
0,0.008805705,0
0,0.01080307,0
0,0.0042294,0
0,0.8880388,1
0,0.08810266,0
0,0.17461342,0
0,0.012205545,0
0,0.06271777,0
0,0.0043866746,0
1,0.1656974,0
0,0.088376485,0
0,0.050620828,0
0,0.005164957,0
0,0.7736222,1
0,0.063788965,0
0,0.02375321,0
0,0.026591755,0
0,0.044510283,0
0,0.36573717,1
0,0.40134203,1
0,0.0053002457,0
0,0.2434589,0
0,0.0062974114,0
0,0.031935938,0
0,0.06001465,0
1,0.58031654,1
0,0.09116762,0
0,0.0043404237,0
1,0.14655864,0
0,0.06736105,0
0,0.068748645,0
0,0.021748178,0
0,0.09391389,0
0,0.009615022,0
0,0.29579815,0
1,0.61738586,1
0,0.38167754,1
0,0.026046056,0
0,0.11343057,0
0,0.0629899,0
0,0.019358985,0
0,0.0047344207,0
0,0.05864485,0
0,0.0050939573,0
0,0.0077674016,0
0,0.12938534,0
0,0.01650378,0
0,0.2563888,0
0,0.03294079,0
0,0.030651936,0
0,0.3282842,1
0,0.016545517,0
0,0.021855665,0
0,0.006749205,0
0,0.011962699,0
0,0.033056535,0
0,0.005900014,0
0,0.0139079755,0
0,0.0850244,0
0,0.009059116,0
0,0.021872338,0
0,0.007268508,0
1,0.073488064,0
1,0.11225454,0
0,0.25321302,0
0,0.2941216,0
0,0.37770957,1
0,0.12065863,0
0,0.005064595,0
0,0.04098686,0
0,0.008864155,0
0,0.1581086,0
0,0.053760044,0
0,0.08700149,0
0,0.054699663,0
0,0.1040576,0
0,0.14740849,0
0,0.025282053,0
1,0.5933315,1
0,0.012795783,0
0,0.7869898,1
0,0.008117399,0
0,0.053206667,0
0,0.32861757,1
0,0.21291281,0
0,0.065180436,0
0,0.06789117,0
0,0.24204451,0
0,0.39891014,1
1,0.4185269,1
0,0.033280585,0
1,0.6733513,1
1,0.7290436,1
1,0.27170897,0
0,0.031974968,0
0,0.055409573,0
0,0.109752126,0
0,0.015581248,0
0,0.00673126,0
0,0.10853286,0
0,0.027772257,0
0,0.0034642792,0
1,0.8197817,1
0,0.0893495,0
0,0.03309437,0
0,0.15257055,0
0,0.017384175,0
0,0.008626678,0
0,0.012641318,0
0,0.029577,0
0,0.0096195685,0
0,0.0034521602,0
0,0.008754321,0
0,0.019648243,0
1,0.031125544,0
0,0.005632308,0
0,0.04208421,0
0,0.019236138,0
0,0.011866056,0
0,0.10928312,0
0,0.086007975,0
0,0.10889594,0
0,0.025718445,0
0,0.05828433,0
0,0.011674504,0
1,0.34010544,1
0,0.011810537,0
0,0.010483051,0
0,0.13493982,0
0,0.013180029,0
0,0.5595596,1
0,0.47413775,1
0,0.008789468,0
0,0.016126515,0
0,0.03301791,0
0,0.06314601,0
1,0.7293509,1
0,0.1334519,0
0,0.03563929,0
0,0.7940601,1
0,0.012710962,0
1,0.30637962,0
0,0.63938427,1
0,0.2346869,0
1,0.21154417,0
0,0.020337883,0
1,0.009059831,0
0,0.0060007,0
0,0.010973458,0
0,0.019411813,0
1,0.72137743,1
1,0.84300804,1
0,0.027565973,0
0,0.10287628,0
0,0.13850866,0
0,0.15017033,0
0,0.005840122,0
0,0.010701525,0
0,0.014326111,0
0,0.019298632,0
0,0.030155923,0
0,0.01946177,0
1,0.4252025,1
0,0.08683002,0
0,0.007528794,0
0,0.003891036,0
0,0.09934022,0
0,0.2996268,0
0,0.2519096,0
0,0.018608239,0
0,0.251916,0
0,0.01364574,0
0,0.17882344,0
0,0.09503821,0
1,0.66921157,1
0,0.13738224,0
0,0.08652925,0
0,0.007843397,0
0,0.16489401,0
0,0.03416414,0
0,0.00950287,0
1,0.6882889,1
0,0.23660105,0
0,0.026304187,0
0,0.095203675,0
0,0.036396194,0
1,0.49619693,1
0,0.02585241,0
0,0.07898587,0
0,0.004608986,0
0,0.32252824,1
0,0.004315079,0
0,0.030030873,0
0,0.023522012,0
0,0.022721812,0
0,0.045029044,0
0,0.009087407,0
0,0.049775943,0
0,0.024471587,0
0,0.004735632,0
0,0.01985431,0
0,0.42297125,1
0,0.010441085,0
0,0.42158392,1
1,0.67228466,1
0,0.009889609,0
0,0.26366118,0
0,0.02214525,0
0,0.005516173,0
0,0.008872039,0
0,0.13643812,0
0,0.118425086,0
0,0.009514286,0
0,0.014241331,0
1,0.17104286,0
0,0.018244328,0
0,0.3918693,1
0,0.035408206,0
0,0.04583907,0
1,0.56438357,1
0,0.009336151,0
0,0.2382334,0
0,0.2900072,0
0,0.13620171,0
0,0.041123845,0
1,0.6124305,1
0,0.23796707,0
0,0.003630641,0
0,0.19432496,0
0,0.0063652564,0
1,0.15000428,0
1,0.45258266,1
0,0.008052593,0
0,0.0060081533,0
0,0.53115577,1
0,0.015289474,0
0,0.20223938,0
0,0.0073604025,0
1,0.16838332,0
0,0.00984391,0
0,0.011254028,0
1,0.8692235,1
1,0.7748908,1
0,0.042077385,0
0,0.04604628,0
1,0.27838543,0
0,0.0144283315,0
1,0.081430614,0
0,0.005587728,0
0,0.021163542,0
1,0.5903325,1
0,0.023845999,0
0,0.019794896,0
0,0.0147350915,0
1,0.14383508,0
0,0.10473749,0
0,0.015031605,0
0,0.022357702,0
0,0.009608758,0
0,0.06977308,0
1,0.35854235,1
0,0.38647306,1
0,0.0037682357,0
0,0.0069325226,0
0,0.025049884,0
0,0.10577851,0
1,0.7496394,1
0,0.003575925,0
0,0.14289296,0
0,0.060913086,0
0,0.024265574,0
0,0.024827033,0
0,0.18097474,0
0,0.036890816,0
0,0.36458847,1
1,0.11791098,0
0,0.024345385,0
0,0.20153747,0
0,0.00903641,0
0,0.0049790866,0
0,0.016531596,0
0,0.017103722,0
0,0.00889136,0
1,0.1407061,0
0,0.053461477,0
0,0.08828734,0
1,0.61434716,1
0,0.46985728,1
0,0.24326895,0
1,0.532978,1
0,0.075664036,0
1,0.30218607,0
0,0.008401458,0
0,0.07438767,0
0,0.007249474,0
0,0.031067133,0
0,0.028599778,0
0,0.0077369916,0
0,0.007596535,0
1,0.26497534,0
0,0.6066638,1
0,0.0063744737,0
1,0.56840175,1
1,0.42218158,1
0,0.05231727,0
0,0.08267976,0
0,0.007775031,0
0,0.022857895,0
0,0.1552575,0
0,0.019911943,0
0,0.0906638,0
0,0.068303555,0
0,0.4433582,1
1,0.010312072,0
0,0.15172982,0
0,0.0065345024,0
0,0.13788517,0
0,0.026867498,0
1,0.58087987,1
0,0.1464275,0
0,0.0741561,0
0,0.22505398,0
0,0.021910755,0
1,0.5937107,1
0,0.2757463,0
1,0.35825452,1
0,0.10564388,0
0,0.4272319,1
1,0.30358174,0
0,0.66935515,1
0,0.032807954,0
1,0.013855384,0
0,0.066597044,0
0,0.040470142,0
1,0.19980842,0
1,0.38960764,1
0,0.16911758,0
0,0.008141156,0
0,0.061833985,0
0,0.012141072,0
0,0.19303305,0
0,0.029849561,0
0,0.33532017,1
0,0.014074488,0
0,0.3534843,1
0,0.07767635,0
1,0.8320612,1
0,0.011458709,0
1,0.5250153,1
0,0.03828283,0
0,0.047093324,0
0,0.023922116,0
1,0.7866264,1
0,0.006120991,0
1,0.17060022,0
0,0.44955817,1
1,0.0636019,0
0,0.034136787,0
0,0.005446448,0
1,0.75850075,1
0,0.014095267,0
0,0.020307085,0
0,0.008222811,0
0,0.48043403,1
0,0.120127626,0
1,0.62740993,1
0,0.020647543,0
0,0.006486493,0
0,0.018222656,0
0,0.07599846,0
1,0.57281524,1
0,0.014684862,0
0,0.1116777,0
0,0.7194085,1
0,0.010157041,0
0,0.049624573,0
0,0.0038383044,0
0,0.008617234,0
0,0.015016159,0
0,0.35916576,1
1,0.37419322,1
0,0.009172894,0
0,0.010346133,0
0,0.009146106,0
0,0.045959506,0
0,0.088344865,0
0,0.021757176,0
0,0.021441339,0
0,0.03046633,0
1,0.45442638,1
0,0.28990346,0
1,0.42542696,1
0,0.07990519,0
0,0.19750516,0
0,0.018422624,0
0,0.06576834,0
0,0.007563875,0
0,0.012925759,0
0,0.5356056,1
1,0.16260016,0
0,0.035480205,0
1,0.54466695,1
0,0.39803037,1
0,0.008821043,0
0,0.028784,0
0,0.029029379,0
0,0.009589314,0
0,0.013890362,0
0,0.5623059,1
0,0.019343829,0
0,0.005598318,0
0,0.03815865,0
0,0.3112839,1
0,0.004221962,0
0,0.03303016,0
1,0.14918803,0
0,0.3792658,1
0,0.21916725,0
0,0.0069753164,0
0,0.0072620073,0
0,0.0060391785,0
0,0.07451785,0
0,0.016319524,0
0,0.10001508,0
0,0.007649851,0
0,0.08127771,0
0,0.016446587,0
0,0.02451727,0
1,0.7175332,1
0,0.005738737,0
0,0.016506828,0
0,0.2273294,0
0,0.0069995946,0
0,0.0038814628,0
0,0.008216409,0
0,0.02327286,0
0,0.0726554,0
0,0.26779363,0
0,0.008788583,0
0,0.51203895,1
0,0.15101916,0
0,0.03155386,0
0,0.017462337,0
0,0.0049011433,0
1,0.4665091,1
0,0.10623942,0
0,0.15804628,0
0,0.024495596,0
0,0.0038579542,0
0,0.08506564,0
0,0.0028969473,0
0,0.059865206,0
0,0.024025619,0
1,0.5131389,1
0,0.07246747,0
0,0.501077,1
0,0.0066452445,0
0,0.0065819225,0
1,0.4294509,1
0,0.005528578,0
0,0.01522672,0
1,0.88505024,1
0,0.06384392,0
0,0.016805688,0
0,0.01632836,0
0,0.35678336,1
0,0.14684066,0
0,0.0849543,0
0,0.35008138,1
0,0.008008966,0
0,0.030288314,0
0,0.65990543,1
0,0.029564772,0
1,0.61199,1
0,0.32383594,1
0,0.4118938,1
0,0.010188496,0
0,0.004680152,0
0,0.016216246,0
0,0.018853785,0
0,0.064813845,0
0,0.024571082,0
1,0.17356966,0
0,0.021050708,0
0,0.0073461323,0
0,0.00450435,0
0,0.58833945,1
0,0.11126492,0
1,0.22550315,0
1,0.69957,1
0,0.09747032,0
0,0.03329682,0
0,0.01054919,0
0,0.016597021,0
0,0.010438922,0
0,0.021776447,0
0,0.22892088,0
0,0.02086566,0
0,0.01958531,0
1,0.3692028,1
0,0.04552329,0
0,0.6507624,1
0,0.020865785,0
0,0.16511084,0
0,0.018637659,0
1,0.050400216,0
0,0.19958246,0
0,0.024061222,0
0,0.47971264,1
0,0.0051683737,0
1,0.48162344,1
1,0.11619783,0
0,0.023157915,0
0,0.6767853,1
1,0.07056175,0
1,0.26677358,0
1,0.23866034,0
0,0.0071282727,0
1,0.20652021,0
0,0.19976696,0
0,0.005339567,0
1,0.6633342,1
0,0.08739977,0
0,0.20702478,0
0,0.096542306,0
0,0.07708175,0
0,0.13110757,0
0,0.06254329,0
0,0.025839647,0
0,0.046356287,0
0,0.14269526,0
0,0.049967486,0
0,0.022916175,0
0,0.030024985,0
0,0.04840005,0
1,0.35281613,1
0,0.05658655,0
1,0.5991117,1
1,0.89155585,1
1,0.09136081,0
0,0.027962098,0
0,0.13063219,0
0,0.0129482215,0
0,0.018532705,0
0,0.045998067,0
1,0.6714064,1
0,0.22974859,0
0,0.0040436466,0
0,0.1714083,0
0,0.015516463,0
1,0.5080632,1
0,0.032624986,0
0,0.043960486,0
0,0.006127051,0
0,0.0889514,0
0,0.020652285,0
0,0.028967187,0
0,0.5132086,1
0,0.4822092,1
0,0.009653517,0
0,0.015242072,0
1,0.374804,1
0,0.04741258,0
0,0.008007132,0
1,0.18283752,0
0,0.07444506,0
0,0.085401736,0
0,0.011516956,0
0,0.025920646,0
0,0.1366319,0
1,0.014258189,0
0,0.49770176,1
0,0.06594216,0
0,0.13109785,0
0,0.012089412,0
0,0.4187679,1
0,0.014049188,0
0,0.06552974,0
1,0.25588253,0
0,0.0061782165,0
0,0.14000812,0
0,0.08022929,0
0,0.06911213,0
0,0.23428655,0
0,0.05580212,0
1,0.5079498,1
0,0.4999043,1
0,0.43819186,1
0,0.05995999,0
0,0.0075775925,0
1,0.05853825,0
0,0.5062818,1
0,0.55482155,1
0,0.029745763,0
1,0.04243321,0
0,0.05802101,0
1,0.50364554,1
0,0.62114066,1
0,0.05789572,0
1,0.1501691,0
1,0.7237139,1
0,0.0045902934,0
0,0.013938797,0
0,0.02302778,0
0,0.08057355,0
0,0.49905145,1
1,0.5785468,1
0,0.8380757,1
0,0.06503163,0
0,0.013381626,0
1,0.7033978,1
0,0.14226662,0
0,0.016009267,0
0,0.037871014,0
0,0.010799463,0
0,0.34102896,1
0,0.032207653,0
0,0.20843512,0
0,0.04701868,0
0,0.013845218,0
0,0.006332293,0
0,0.14604017,0
0,0.121072724,0
0,0.036033027,0
0,0.27629933,0
1,0.7799943,1
0,0.49012557,1
0,0.3539295,1
0,0.23493263,0
1,0.16295971,0
0,0.14137203,0
0,0.0070710466,0
0,0.16116644,0
0,0.007514578,0
0,0.060875464,0
0,0.13748705,0
0,0.03915884,0
0,0.024168117,0
1,0.2970793,0
1,0.60676384,1
0,0.011728064,0
0,0.3019897,0
0,0.23041672,0
0,0.05697265,0
0,0.0037632643,0
0,0.0046120454,0
0,0.04570086,0
1,0.015309574,0
0,0.012020006,0
0,0.14853138,0
0,0.2651298,0
0,0.0050075655,0
0,0.4485946,1
0,0.035042096,0
0,0.024560906,0
1,0.4618554,1
0,0.093857646,0
1,0.51578856,1
0,0.005124495,0
0,0.13992128,0
1,0.52703005,1
0,0.012867981,0
0,0.076498255,0
0,0.018714422,0
0,0.009403556,0
1,0.02921562,0
0,0.28788158,0
0,0.0117695825,0
0,0.0033979686,0
0,0.016813632,0
0,0.49948412,1
0,0.0044312235,0
0,0.007954586,0
0,0.3498936,1
1,0.0066216066,0
1,0.8778116,1
0,0.10043566,0
0,0.04200871,0
0,0.7370513,1
0,0.54819024,1
0,0.008648895,0
1,0.8073366,1
0,0.10515228,0
0,0.071568005,0
0,0.13593343,0
0,0.012329549,0
0,0.007020559,0
0,0.62932557,1
0,0.101851255,0
0,0.007068837,0
0,0.015897729,0
0,0.5931609,1
0,0.3889033,1
0,0.0042881877,0
0,0.7220092,1
0,0.006493946,0
0,0.045139115,0
0,0.005794648,0
0,0.02353953,0
0,0.0036913725,0
0,0.015129335,0
0,0.010005892,0
0,0.087151855,0
0,0.0035433131,0
0,0.03777377,0
0,0.011396249,0
0,0.15395483,0
1,0.8754369,1
0,0.01334815,0
1,0.89817697,1
0,0.01481248,0
0,0.0045292466,0
0,0.022123484,0
0,0.0051067667,0
1,0.010197213,0
0,0.0073363543,0
0,0.03240592,0
0,0.029862467,0
1,0.43604466,1
0,0.058895774,0
0,0.02093822,0
1,0.8063702,1
0,0.41529787,1
0,0.0069079,0
0,0.016694399,0
0,0.0132374,0
0,0.017668093,0
0,0.43765506,1
0,0.027278183,0
0,0.06805432,0
0,0.0073552066,0
0,0.06492309,0
0,0.040744442,0
0,0.00808612,0
0,0.11222228,0
0,0.011058328,0
0,0.011710474,0
0,0.071787745,0
0,0.034698624,0
0,0.30297595,0
1,0.5773597,1
1,0.46368474,1
1,0.51197225,1
0,0.037363943,0
0,0.005942044,0
0,0.01657669,0
0,0.29168996,0
0,0.4103379,1
0,0.029388452,0
0,0.033990078,0
0,0.2221174,0
0,0.01847418,0
0,0.022425858,0
0,0.0038924445,0
0,0.096468955,0
0,0.14743534,0
0,0.0046759113,0
0,0.03230411,0
0,0.017970609,0
0,0.01017469,0
0,0.022149729,0
0,0.09477706,0
0,0.04020389,0
0,0.004267681,0
0,0.08415476,0
0,0.005005625,0
0,0.07584835,0
0,0.6653925,1
0,0.009795432,0
0,0.008323899,0
0,0.018726448,0
0,0.029307881,0
0,0.009960052,0
0,0.05889279,0
0,0.009698405,0
0,0.19046372,0
0,0.016513394,0
0,0.07863591,0
0,0.009458271,0
0,0.018261906,0
1,0.18841699,0
0,0.10894546,0
0,0.025679607,0
1,0.6854436,1
0,0.007655573,0
0,0.054277346,0
0,0.0041631553,0
0,0.029798863,0
0,0.114077725,0
0,0.018032862,0
0,0.008051843,0
0,0.103234455,0
0,0.0073464666,0
0,0.032016344,0
0,0.6622484,1
0,0.097710736,0
0,0.056244016,0
0,0.04139206,0
0,0.007858071,0
1,0.6993729,1
0,0.35944796,1
0,0.011493145,0
0,0.02693538,0
0,0.04136489,0
0,0.027705232,0
0,0.0044591813,0
0,0.025418708,0
1,0.05127481,0
0,0.13899443,0
0,0.02524659,0
0,0.0074512465,0
0,0.008246917,0
0,0.03329433,0
1,0.64659554,1
0,0.050203245,0
0,0.051243257,0
0,0.60814345,1
1,0.6743646,1
0,0.103590705,0
0,0.7082201,1
0,0.0061278935,0
0,0.0071473215,0
0,0.22154258,0
0,0.005835666,0
0,0.4303838,1
0,0.008929987,0
0,0.0042790435,0
0,0.18764812,0
0,0.0065667965,0
0,0.029984264,0
0,0.0704927,0
0,0.008624105,0
0,0.040931456,0
0,0.012219828,0
0,0.009929619,0
0,0.5590564,1
0,0.11101007,0
0,0.0037065835,0
1,0.3742081,1
0,0.112302035,0
0,0.003926056,0
1,0.3748858,1
0,0.013999512,0
0,0.016465904,0
0,0.40106553,1
0,0.006038331,0
0,0.25300595,0
0,0.085663594,0
0,0.23842034,0
0,0.0047192965,0
0,0.007574839,0
1,0.12888268,0
1,0.17506029,0
0,0.20650962,0
0,0.6943495,1
0,0.025246037,0
0,0.005876554,0
0,0.029975899,0
0,0.006375857,0
1,0.20791145,0
0,0.36966008,1
0,0.015877025,0
0,0.4289894,1
1,0.6440314,1
0,0.21843943,0
0,0.010667099,0
0,0.09769381,0
0,0.030375063,0
0,0.009358202,0
1,0.9014033,1
0,0.02078709,0
1,0.5215406,1
0,0.60519284,1
0,0.010013316,0
0,0.00895141,0
1,0.65004283,1
0,0.022079824,0
0,0.29071966,0
0,0.0035640122,0
0,0.055229772,0
1,0.1819586,0
0,0.015921088,0
0,0.055074085,0
0,0.0050758114,0
0,0.42232403,1
0,0.03668387,0
0,0.28574026,0
0,0.0042498806,0
0,0.011238396,0
0,0.04071204,0
0,0.04381661,0
0,0.14523381,0
1,0.37490246,1
1,0.21353817,0
0,0.053832814,0
0,0.0075010364,0
0,0.013979537,0
0,0.089611754,0
0,0.056519777,0
0,0.087084755,0
0,0.12620701,0
0,0.020530637,0
0,0.07249893,0
0,0.013431817,0
0,0.08098452,0
1,0.34599108,1
1,0.16245012,0
0,0.022964839,0
0,0.38549927,1
1,0.19296432,0
0,0.021035112,0
0,0.56157964,1
1,0.48317572,1
0,0.543152,1
0,0.06279837,0
0,0.0784985,0
0,0.009383499,0
0,0.44070575,1
0,0.007951561,0
0,0.02497971,0
0,0.005774257,0
0,0.0184806,0
0,0.009802419,0
1,0.41804066,1
0,0.53459835,1
1,0.33381397,1
0,0.37249163,1
0,0.008060405,0
0,0.09086642,0
0,0.026367946,0
0,0.031381074,0
0,0.014421362,0
0,0.028001199,0
0,0.008061976,0
0,0.04332823,0
0,0.007720835,0
0,0.15106358,0
0,0.13009156,0
0,0.031952705,0
0,0.005856942,0
0,0.32639042,1
0,0.2568565,0
0,0.20200673,0
0,0.01830592,0
0,0.030648667,0
0,0.013422431,0
0,0.004692251,0
0,0.15078829,0
0,0.014427973,0
0,0.4386283,1
0,0.09922041,0
1,0.08236841,0
0,0.074530184,0
0,0.10471844,0
1,0.42319342,1
0,0.07434778,0
1,0.25591105,0
1,0.58847624,1
0,0.011391796,0
0,0.018317522,0
0,0.07858184,0
0,0.008579837,0
0,0.045382794,0
0,0.06808128,0
0,0.48564914,1
0,0.079719074,0
1,0.70132387,1
0,0.08763366,0
0,0.18414892,0
0,0.013046252,0
0,0.027719203,0
0,0.06118027,0
0,0.53902185,1
0,0.056432877,0
0,0.17281745,0
0,0.11868303,0
0,0.16080907,0
0,0.008981048,0
0,0.024219994,0
0,0.009639104,0
1,0.30455014,0
0,0.09686615,0
0,0.538602,1
0,0.012868368,0
0,0.011140111,0
0,0.00571404,0
0,0.123872615,0
0,0.022913583,0
0,0.8116882,1
0,0.5494294,1
0,0.03225757,0
0,0.0064288424,0
0,0.07528548,0
1,0.3683044,1
0,0.073213466,0
0,0.2362543,0
0,0.05173226,0
1,0.028335854,0
0,0.003891609,0
0,0.11590735,0
1,0.13871033,0
0,0.0059708585,0
1,0.057559025,0
0,0.06980327,0
0,0.16365582,0
0,0.084144585,0
0,0.70997095,1
0,0.016155329,0
0,0.061878018,0
0,0.06495071,0
0,0.007660381,0
0,0.045875143,0
0,0.04815695,0
0,0.036563303,0
0,0.7509642,1
0,0.047674958,0
0,0.37224314,1
0,0.12410711,0
0,0.34220567,1
0,0.023193331,0
0,0.01788719,0
0,0.007005165,0
0,0.1689094,0
1,0.23476936,0
0,0.086338,0
0,0.018750628,0
0,0.0036191295,0
0,0.0078122728,0
0,0.022608917,0
0,0.023393637,0
0,0.01448521,0
0,0.030964065,0
0,0.25790846,0
0,0.009825763,0
0,0.008269908,0
0,0.7184686,1
0,0.13791044,0
0,0.2262712,0
0,0.04768767,0
0,0.033726655,0
0,0.0073621976,0
0,0.06427876,0
1,0.22350606,0
1,0.15672648,0
0,0.530934,1
0,0.057972476,0
0,0.38844258,1
0,0.10633165,0
0,0.11917604,0
0,0.009049489,0
0,0.013850285,0
0,0.12707315,0
0,0.0048505305,0
0,0.29116654,0
0,0.57094336,1
1,0.30191213,0
0,0.037006125,0
0,0.087471455,0
0,0.07421445,0
0,0.011652753,0
0,0.5916205,1
1,0.2205148,0
0,0.6355636,1
0,0.053611424,0
0,0.014023213,0
0,0.005692853,0
0,0.01677299,0
0,0.15954816,0
0,0.023863748,0
0,0.012533585,0
1,0.66610235,1
0,0.031542454,0
0,0.01883668,0
0,0.0034343724,0
0,0.007700047,0
0,0.450909,1
0,0.068699025,0
1,0.21730688,0
0,0.012701691,0
0,0.036823742,0
0,0.4640954,1
0,0.019899989,0
0,0.24949673,0
0,0.0051603136,0
0,0.08473592,0
0,0.03865999,0
0,0.012624207,0
0,0.3391948,1
0,0.078485526,0
0,0.48269546,1
0,0.059938893,0
0,0.6772214,1
0,0.011035781,0
0,0.11975287,0
0,0.0035659436,0
0,0.17478187,0
0,0.018498627,0
0,0.07111116,0
0,0.43513417,1
0,0.011921862,0
0,0.028814882,0
0,0.22782663,0
0,0.020242658,0
0,0.3612996,1
0,0.116672605,0
0,0.0062570986,0
1,0.22909819,0
1,0.20679522,0
0,0.1408163,0
0,0.009569265,0
1,0.71502423,1
0,0.20158616,0
1,0.61099213,1
0,0.019049171,0
0,0.18021378,0
1,0.4025808,1
0,0.5006499,1
0,0.050205912,0
0,0.015652288,0
0,0.40504283,1
1,0.041647382,0
0,0.51554155,1
0,0.1145657,0
1,0.025736636,0
0,0.03465264,0
1,0.22098541,0
0,0.07852675,0
0,0.0060022217,0
0,0.0632168,0
0,0.024720188,0
0,0.0043679858,0
0,0.015161156,0
1,0.4069781,1
0,0.1598997,0
0,0.008675141,0
0,0.0037603406,0
0,0.022143114,0
0,0.014914719,0
0,0.021542514,0
0,0.027931474,0
1,0.33601165,1
0,0.008287937,0
0,0.16115186,0
0,0.0788271,0
0,0.017165668,0
0,0.24156179,0
0,0.21467327,0
0,0.005347505,0
0,0.036518253,0
0,0.049103886,0
0,0.028266674,0
0,0.011890822,0
0,0.0040038284,0
0,0.036263466,0
0,0.14062625,0
0,0.012217026,0
0,0.017181782,0
0,0.003745723,0
0,0.17827827,0
0,0.17933096,0
0,0.36832148,1
0,0.09000776,0
1,0.5377453,1
0,0.06600726,0
0,0.073542625,0
0,0.14560832,0
0,0.006470218,0
0,0.057264205,0
0,0.011465284,0
0,0.013613566,0
0,0.032766655,0
0,0.316094,1
1,0.18417957,0
0,0.020526998,0
0,0.015423082,0
0,0.13400023,0
1,0.8556694,1
0,0.17823355,0
0,0.0059468225,0
1,0.35728145,1
0,0.034657873,0
0,0.018516183,0
0,0.25542107,0
0,0.0087985,0
0,0.005500878,0
0,0.007488388,0
0,0.0941575,0
0,0.0049014366,0
0,0.04158358,0
0,0.045464307,0
1,0.5077366,1
0,0.016716857,0
0,0.32197544,1
0,0.0034571027,0
0,0.039092153,0
0,0.05106769,0
0,0.03641709,0
0,0.051380776,0
0,0.013410148,0
0,0.016173596,0
1,0.69085205,1
0,0.007005722,0
0,0.009117182,0
0,0.0057508545,0
0,0.48379707,1
0,0.10284214,0
0,0.25541195,0
0,0.059007168,0
0,0.10753322,0
0,0.007444404,0
0,0.13015679,0
0,0.6437424,1
1,0.5815807,1
0,0.005834225,0
0,0.039265838,0
0,0.22069634,0
0,0.053831752,0
1,0.89721745,1
0,0.21808428,0
1,0.7493376,1
0,0.11004488,0
0,0.052978568,0
0,0.00705454,0
0,0.029978963,0
0,0.075129725,0
0,0.4729857,1
0,0.017760506,0
0,0.0864627,0
0,0.102842845,0
0,0.027235692,0
0,0.0074051484,0
1,0.31254444,1
0,0.22421725,0
0,0.027420714,0
0,0.007564809,0
0,0.009899611,0
0,0.100074604,0
1,0.6978456,1
0,0.010984192,0
0,0.15706195,0
0,0.0154599305,0
0,0.042300902,0
0,0.006325696,0
0,0.03801078,0
0,0.13479331,0
0,0.03578618,0
0,0.15911345,0
0,0.011775212,0
0,0.008166419,0
0,0.0059622955,0
0,0.12966484,0
0,0.0058344016,0
1,0.19762728,0
0,0.12484718,0
1,0.0741006,0
0,0.0049868557,0
0,0.13743679,0
0,0.09693934,0
0,0.103760295,0
0,0.009364402,0
0,0.025682801,0
1,0.67659765,1
0,0.0050034546,0
1,0.80443364,1
0,0.011932302,0
0,0.07366708,0
0,0.5852269,1
0,0.0039422484,0
0,0.11278665,0
1,0.42477405,1
0,0.23534463,0
0,0.3125838,1
0,0.014967838,0
0,0.024344802,0
0,0.084642775,0
0,0.20899042,0
1,0.40621924,1
0,0.0055452134,0
0,0.007864088,0
0,0.034255445,0
0,0.12085225,0
0,0.4077155,1
0,0.00679475,0
1,0.36441135,1
0,0.2653854,0
0,0.4236704,1
0,0.014847884,0
0,0.007221515,0
0,0.03659191,0
0,0.33718336,1
0,0.010154137,0
0,0.26362476,0
0,0.31809786,1
0,0.14754808,0
0,0.005081372,0
0,0.061976124,0
1,0.7223859,1
0,0.007287918,0
0,0.15765837,0
1,0.25353438,0
0,0.052190036,0
0,0.028018152,0
0,0.033330247,0
1,0.13096389,0
0,0.08126178,0
0,0.008509855,0
0,0.022383284,0
0,0.015468316,0
0,0.0100797955,0
0,0.2763004,0
0,0.01986815,0
0,0.74709576,1
0,0.009821802,0
0,0.026973061,0
1,0.076459266,0
0,0.103625126,0
0,0.0036492348,0
0,0.4987996,1
0,0.046678808,0
0,0.42624888,1
1,0.04448095,0
0,0.03586602,0
0,0.009881903,0
0,0.013081898,0
0,0.017507048,0
0,0.31086144,1
0,0.2351037,0
0,0.31223708,1
0,0.046338238,0
0,0.057945553,0
0,0.1099393,0
0,0.011419733,0
0,0.0060897702,0
0,0.007243255,0
0,0.017202076,0
0,0.023932783,0
1,0.7259485,1
0,0.040938936,0
0,0.010817658,0
0,0.0071623004,0
0,0.0055905716,0
0,0.17724858,0
1,0.4239285,1
0,0.019491173,0
0,0.026400788,0
0,0.1617596,0
0,0.032370616,0
0,0.017150912,0
0,0.252293,0
1,0.042830426,0
0,0.016864754,0
0,0.13621163,0
0,0.030261578,0
0,0.090905465,0
0,0.06687163,0
0,0.045916624,0
1,0.7174634,1
0,0.009320666,0
1,0.23844495,0
0,0.020719629,0
0,0.69765824,1
0,0.008444393,0
0,0.012921179,0
0,0.008714119,0
0,0.0370761,0
0,0.07806576,0
0,0.02429152,0
0,0.8821645,1
0,0.01968256,0
0,0.0049895416,0
0,0.0043545007,0
0,0.08427951,0
0,0.121486306,0
0,0.033610817,0
0,0.1448241,0
1,0.060237605,0
0,0.012638628,0
0,0.012639235,0
0,0.12774412,0
0,0.6251259,1
0,0.0049941055,0
0,0.016066063,0
0,0.01041878,0
0,0.03390813,0
0,0.008906525,0
0,0.013466616,0
0,0.05643095,0
1,0.17506781,0
1,0.6414689,1
0,0.09483548,0
0,0.027441712,0
0,0.020131074,0
0,0.011469073,0
0,0.09200792,0
0,0.07009487,0
0,0.17564027,0
0,0.016134726,0
1,0.42470706,1
0,0.010561262,0
0,0.008075983,0
0,0.22208211,0
0,0.011587597,0
0,0.2174333,0
0,0.038917307,0
0,0.008627742,0
0,0.022026347,0
1,0.041345116,0
0,0.032169107,0
0,0.0047145393,0
0,0.0066205463,0
0,0.01627821,0
0,0.09578887,0
0,0.03619528,0
0,0.00883882,0
1,0.74310267,1
0,0.0077512744,0
0,0.016753003,0
0,0.013579524,0
0,0.071646616,0
0,0.05383093,0
0,0.0058860723,0
0,0.1948939,0
0,0.13257185,0
0,0.5453271,1
0,0.12595843,0
0,0.12187552,0
0,0.024186792,0
0,0.056264963,0
0,0.039776918,0
0,0.0903317,0
0,0.063463286,0
1,0.39386916,1
0,0.06911196,0
0,0.04221996,0
0,0.07686794,0
0,0.10283623,0
1,0.16837975,0
0,0.13644718,0
0,0.02422778,0
0,0.02596698,0
0,0.80587065,1
0,0.012947684,0
0,0.19029507,0
0,0.43734747,1
0,0.004000816,0
0,0.0048602163,0
0,0.029306494,0
0,0.030693175,0
0,0.0059156492,0
0,0.6549055,1
0,0.026285239,0
0,0.0823012,0
0,0.010572833,0
0,0.04373279,0
1,0.60075945,1
0,0.022291152,0
0,0.010560659,0
0,0.0042078528,0
0,0.03610532,0
0,0.4190186,1
0,0.05026305,0
1,0.06838113,0
0,0.029057954,0
0,0.046551637,0
0,0.38361755,1
0,0.020007994,0
0,0.033319995,0
0,0.025203168,0
0,0.23149744,0
0,0.004869924,0
0,0.0097570075,0
1,0.054210197,0
0,0.0075441594,0
0,0.007327171,0
0,0.005379858,0
0,0.0175235,0
0,0.09903743,0
0,0.26290613,0
0,0.27415314,0
0,0.008854701,0
0,0.012231086,0
0,0.042192355,0
1,0.57629687,1
0,0.01522045,0
1,0.89439714,1
0,0.007017455,0
0,0.0028399928,0
0,0.037475616,0
0,0.03649799,0
0,0.016076537,0
0,0.0076564495,0
0,0.0073891445,0
0,0.01011304,0
0,0.6131302,1
0,0.008398844,0
0,0.06844763,0
0,0.005598987,0
0,0.033138365,0
0,0.010363382,0
0,0.007942269,0
1,0.19441068,0
0,0.18153968,0
0,0.026078064,0
0,0.008876874,0
0,0.02671806,0
0,0.0045264396,0
0,0.039833322,0
0,0.37287667,1
0,0.00936872,0
0,0.4072335,1
0,0.080468714,0
1,0.2586606,0
0,0.12957926,0
0,0.01026554,0
0,0.06049621,0
0,0.06037373,0
0,0.015574397,0
0,0.34315866,1
1,0.32366332,1
0,0.030847032,0
0,0.009078905,0
0,0.011255699,0
0,0.004280092,0
0,0.010827035,0
0,0.017733583,0
0,0.010297793,0
1,0.12741986,0
0,0.05645491,0
0,0.13204186,0
0,0.018271042,0
0,0.021869738,0
0,0.2666539,0
0,0.3480944,1
1,0.6425233,1
0,0.29013017,0
0,0.2139163,0
0,0.04187887,0
0,0.18083212,0
0,0.047869507,0
0,0.022333374,0
0,0.20021006,0
0,0.004586913,0
0,0.035363283,0
0,0.012182399,0
0,0.0034686676,0
0,0.7346547,1
0,0.12307672,0
1,0.290189,0
0,0.4683949,1
0,0.0132064,0
1,0.20563439,0
0,0.12793107,0
1,0.42394438,1
0,0.5058884,1
1,0.046741817,0
1,0.32447687,1
0,0.0110292835,0
0,0.015096665,0
0,0.006734692,0
1,0.6961049,1
0,0.012356306,0
0,0.01914814,0
0,0.006255145,0
0,0.026247757,0
0,0.045252558,0
0,0.032678083,0
0,0.13653392,0
0,0.042490967,0
0,0.12575465,0
0,0.0064056544,0
0,0.027954945,0
0,0.024477173,0
0,0.019156877,0
0,0.090815164,0
0,0.07607996,0
1,0.271032,0
0,0.12584941,0
1,0.70461357,1
0,0.5730725,1
0,0.18227147,0
1,0.31697312,1
0,0.012976791,0
0,0.052789148,0
0,0.014650514,0
0,0.011946309,0
0,0.67550683,1
0,0.3616976,1
0,0.09501035,0
0,0.0163418,0
0,0.007072955,0
0,0.023144618,0
0,0.1355649,0
0,0.29979485,0
0,0.0045662546,0
0,0.010649557,0
0,0.0048930016,0
0,0.007018422,0
0,0.033808254,0
0,0.01028106,0
0,0.15895854,0
1,0.70358646,1
0,0.0058953175,0
1,0.3627005,1
0,0.0040706443,0
1,0.0180717,0
0,0.040034145,0
0,0.0131313205,0
0,0.011852926,0
1,0.0979752,0
0,0.25344038,0
0,0.2221834,0
0,0.43422648,1
0,0.017686093,0
0,0.045083914,0
0,0.110977806,0
0,0.05382385,0
0,0.01593576,0
0,0.019339604,0
0,0.02097809,0
1,0.06687495,0
0,0.0056590927,0
1,0.74793667,1
0,0.027694777,0
1,0.4100528,1
0,0.040078904,0
1,0.7596882,1
0,0.16577159,0
0,0.066896275,0
0,0.0069537885,0
0,0.008574035,0
0,0.009464769,0
0,0.0504811,0
0,0.06484748,0
1,0.049261447,0
0,0.31403613,1
0,0.043427758,0
0,0.07881147,0
0,0.03950115,0
0,0.010212703,0
0,0.03825203,0
0,0.00685183,0
0,0.029379949,0
0,0.02426817,0
1,0.72824496,1
0,0.6872858,1
1,0.48436046,1
0,0.06559275,0
0,0.24887137,0
0,0.05791577,0
0,0.10105466,0
0,0.014226585,0
0,0.006652497,0
1,0.3218285,1
0,0.022577204,0
0,0.006798092,0
0,0.014794663,0
0,0.0063164113,0
0,0.03615878,0
0,0.014963967,0
0,0.038358323,0
0,0.11597282,0
1,0.9174249,1
0,0.00880132,0
0,0.016354803,0
0,0.009238253,0
1,0.3805658,1
0,0.029175578,0
1,0.55575824,1
0,0.16368659,0
0,0.018298415,0
0,0.009154692,0
0,0.008060924,0
0,0.11869521,0
0,0.08406315,0
0,0.009158262,0
0,0.04179975,0
0,0.1834026,0
0,0.011465878,0
1,0.5720226,1
0,0.30857646,0
0,0.1288314,0
0,0.005855987,0
0,0.008637116,0
0,0.014555632,0
0,0.008673349,0
0,0.063133344,0
0,0.042941324,0
0,0.25904226,0
0,0.023970835,0
0,0.008065768,0
1,0.028257867,0
0,0.33172297,1
0,0.028606383,0
0,0.011042064,0
1,0.7699306,1
0,0.045843158,0
1,0.41626924,1
0,0.3415785,1
1,0.40293288,1
0,0.0303216,0
0,0.1959192,0
0,0.07856715,0
0,0.40542218,1
0,0.024716534,0
0,0.0063353246,0
1,0.4308907,1
0,0.03851292,0
0,0.0120678535,0
0,0.020905996,0
0,0.06133631,0
0,0.013929802,0
0,0.008310452,0
0,0.07515027,0
0,0.006270907,0
0,0.036836218,0
0,0.617368,1
0,0.014128502,0
1,0.4453562,1
0,0.0041390774,0
0,0.101829045,0
1,0.7147061,1
0,0.02386198,0
0,0.01817292,0
0,0.008997181,0
0,0.0337549,0
0,0.698346,1
0,0.12899028,0
1,0.72065693,1
0,0.0051729204,0
0,0.008176401,0
0,0.06774729,0
0,0.025402198,0
0,0.01685399,0
0,0.5377642,1
0,0.61507744,1
0,0.021225024,0
1,0.73794776,1
0,0.019031007,0
0,0.022044735,0
0,0.06418181,0
0,0.53249437,1
0,0.024612967,0
0,0.24099123,0
0,0.016023252,0
0,0.009190706,0
0,0.034430586,0
0,0.007368961,0
0,0.33347428,1
0,0.33921444,1
0,0.12341199,0
0,0.078882426,0
0,0.054243922,0
0,0.114892155,0
0,0.017219143,0
0,0.010799488,0
0,0.029261503,0
0,0.01958526,0
0,0.005263643,0
0,0.5421894,1
0,0.028318856,0
0,0.012360897,0
0,0.013158172,0
0,0.01657442,0
1,0.9117526,1
0,0.11919117,0
0,0.006417972,0
0,0.35596347,1
0,0.084535785,0
1,0.02752595,0
1,0.6621066,1
1,0.10064398,0
1,0.70330745,1
0,0.27289444,0
0,0.055679705,0
0,0.08340681,0
0,0.30938494,0
0,0.11366892,0
0,0.01630332,0
0,0.093746185,0
0,0.13229398,0
0,0.14113434,0
0,0.035216805,0
0,0.0056969407,0
0,0.016150123,0
0,0.0037482865,0
0,0.7946081,1
1,0.34042248,1
1,0.7108879,1
0,0.011138954,0
0,0.006172902,0
0,0.020423727,0
0,0.013437746,0
0,0.011547362,0
0,0.008531523,0
1,0.55042607,1
0,0.06863317,0
0,0.5714899,1
0,0.5707675,1
1,0.07070577,0
0,0.4360598,1
0,0.015586245,0
0,0.014412527,0
0,0.0356198,0
0,0.014174605,0
0,0.003529419,0
0,0.26018396,0
0,0.02350491,0
0,0.036507115,0
0,0.0056084697,0
0,0.12791397,0
0,0.009748419,0
0,0.0033316524,0
0,0.010983239,0
0,0.007947673,0
1,0.5163586,1
1,0.04956741,0
0,0.52009773,1
1,0.68839324,1
0,0.04954652,0
0,0.0045174547,0
0,0.0119777275,0
0,0.012090073,0
0,0.011267656,0
0,0.015854256,0
0,0.22563133,0
0,0.049611904,0
0,0.06592483,0
0,0.028957337,0
0,0.2901303,0
0,0.012327899,0
0,0.057264093,0
0,0.011339609,0
0,0.46904275,1
0,0.3414855,1
0,0.07286032,0
0,0.0108646145,0
0,0.23229091,0
0,0.026986048,0
0,0.017771125,0
0,0.10211774,0
0,0.5036656,1
0,0.01537543,0
1,0.46421283,1
0,0.4100507,1
0,0.027565554,0
0,0.06397674,0
1,0.04348411,0
0,0.0074416287,0
0,0.0060417927,0
0,0.025955893,0
0,0.0069369753,0
0,0.00825606,0
0,0.10215239,0
0,0.31201282,1
0,0.026339952,0
0,0.052556887,0
0,0.015997568,0
0,0.02387331,0
0,0.006518116,0
0,0.12824698,0
0,0.0357521,0
0,0.042684734,0
0,0.02655188,0
0,0.027434759,0
0,0.00851243,0
0,0.0033680093,0
0,0.081823334,0
0,0.20113645,0
0,0.40223956,1
0,0.015899846,0
0,0.2715895,0
0,0.009320499,0
1,0.7260245,1
0,0.004337754,0
0,0.098295875,0
1,0.9066812,1
1,0.019604124,0
0,0.009207008,0
0,0.036581155,0
0,0.008880794,0
0,0.029879306,0
0,0.16246833,0
0,0.40044352,1
0,0.10543659,0
0,0.01321708,0
0,0.010702792,0
0,0.008580073,0
0,0.12419739,0
1,0.21966863,0
1,0.39316526,1
0,0.004038133,0
1,0.7479986,1
0,0.008266041,0
1,0.12543109,0
1,0.81097,1
0,0.01437672,0
1,0.47544193,1
0,0.124328546,0
0,0.075033896,0
0,0.08295736,0
0,0.042533264,0
0,0.0078969365,0
0,0.012792699,0
1,0.43578222,1
0,0.19355337,0
0,0.1519171,0
0,0.020188706,0
0,0.11037434,0
0,0.010557237,0
0,0.74186593,1
1,0.7758357,1
1,0.12301247,0
0,0.18392248,0
0,0.060285244,0
0,0.24570562,0
0,0.58657306,1
1,0.36440843,1
0,0.222882,0
0,0.040717393,0
0,0.00427803,0
1,0.48971877,1
0,0.026114585,0
1,0.74755955,1
0,0.27447274,0
0,0.7416818,1
0,0.21352896,0
0,0.0056507275,0
0,0.6307472,1
0,0.28643465,0
0,0.009967756,0
0,0.3446235,1
0,0.14330533,0
0,0.08922678,0
1,0.52977145,1
1,0.7618411,1
1,0.41468218,1
0,0.044425946,0
0,0.028983194,0
1,0.1277123,0
1,0.12349747,0
0,0.011482731,0
0,0.033564486,0
0,0.0905504,0
0,0.08330387,0
0,0.27706608,0
0,0.06827992,0
1,0.71819305,1
0,0.020284785,0
0,0.030743044,0
0,0.027741162,0
1,0.14677183,0
1,0.009618129,0
1,0.21121725,0
0,0.025057582,0
0,0.46519333,1
0,0.01337342,0
0,0.117434405,0
0,0.32527867,1
0,0.028648954,0
0,0.018852618,0
0,0.00694787,0
0,0.06768818,0
0,0.06655793,0
0,0.004861291,0
0,0.029151073,0
0,0.6146627,1
0,0.004722081,0
0,0.087061755,0
0,0.00960419,0
0,0.056586854,0
0,0.12144781,0
1,0.5380672,1
0,0.005764492,0
1,0.1183274,0
0,0.5157485,1
0,0.7198545,1
0,0.87236995,1
0,0.040755767,0
0,0.025002215,0
0,0.075254716,0
0,0.107599914,0
0,0.01152891,0
1,0.39423847,1
0,0.42005792,1
1,0.3079959,0
0,0.10188415,0
1,0.7700391,1
0,0.6406516,1
0,0.041170582,0
0,0.030240657,0
0,0.2674891,0
0,0.028940516,0
1,0.16567735,0
0,0.0841268,0
1,0.5516474,1
0,0.004271825,0
0,0.41376132,1
0,0.39880258,1
0,0.15391769,0
0,0.027334938,0
0,0.013968826,0
0,0.006428751,0
0,0.10799583,0
0,0.09123277,0
0,0.26020923,0
0,0.004407043,0
1,0.277165,0
0,0.013706453,0
0,0.004446437,0
0,0.005649977,0
0,0.023157509,0
1,0.13684945,0
0,0.104930036,0
0,0.42720094,1
1,0.6644636,1
0,0.0861619,0
0,0.027816698,0
0,0.362416,1
0,0.07876468,0
0,0.10668782,0
1,0.09296919,0
0,0.17136283,0
0,0.024028089,0
0,0.03134255,0
0,0.016389636,0
1,0.79847914,1
0,0.052757967,0
0,0.011336573,0
0,0.006210476,0
0,0.0051121986,0
1,0.1336629,0
0,0.032430157,0
0,0.08590643,0
0,0.010826631,0
0,0.019569097,0
0,0.33083034,1
0,0.0069310227,0
0,0.051928952,0
0,0.0052442495,0
0,0.016260229,0
1,0.11253697,0
0,0.028552206,0
0,0.49747297,1
0,0.1493578,0
0,0.04728939,0
0,0.030854845,0
1,0.06781529,0
0,0.018275796,0
0,0.0034588773,0
0,0.0072873803,0
0,0.05992067,0
0,0.046416834,0
0,0.16713081,0
0,0.009411918,0
0,0.30639762,0
1,0.19453482,0
1,0.505604,1
0,0.023431681,0
0,0.009636719,0
0,0.17300035,0
0,0.007423716,0
0,0.043730088,0
0,0.15257159,0
0,0.013666969,0
0,0.010964752,0
0,0.011853668,0
0,0.058497265,0
0,0.0052935397,0
0,0.0055199172,0
0,0.21250366,0
0,0.05286404,0
0,0.6086855,1
0,0.0076330737,0
1,0.32970336,1
0,0.025803916,0
1,0.025897108,0
0,0.50674564,1
0,0.0066481093,0
0,0.09653739,0
0,0.013361583,0
0,0.052267764,0
0,0.29390693,0
0,0.021319842,0
0,0.025811074,0
0,0.08799788,0
0,0.00966117,0
0,0.009824307,0
0,0.02134975,0
0,0.013045417,0
0,0.04916866,0
0,0.004315483,0
0,0.028835086,0
0,0.011935221,0
0,0.0102627445,0
0,0.09105339,0
1,0.25609517,0
0,0.23287892,0
0,0.0052202865,0
1,0.114134744,0
0,0.19539367,0
0,0.060711592,0
0,0.018261453,0
0,0.10417754,0
1,0.141542,0
0,0.012535449,0
0,0.014726759,0
0,0.0057584937,0
0,0.0034322515,0
0,0.1542105,0
1,0.7503048,1
0,0.017003886,0
0,0.3391199,1
0,0.033443276,0
0,0.004433742,0
0,0.037010614,0
0,0.019241204,0
0,0.05737438,0
1,0.17353867,0
0,0.01982439,0
0,0.01475611,0
0,0.040496636,0
1,0.18157904,0
0,0.00583589,0
0,0.007267328,0
0,0.022093574,0
0,0.17479585,0
1,0.631175,1
0,0.04136066,0
0,0.010254979,0
0,0.0111504635,0
0,0.1713128,0
0,0.028868787,0
0,0.038527906,0
0,0.07013276,0
0,0.0052133403,0
0,0.042148847,0
0,0.0051082787,0
0,0.40065682,1
0,0.6413361,1
0,0.004639538,0
0,0.07871651,0
0,0.0040192166,0
0,0.016710313,0
0,0.021151043,0
0,0.0654118,0
0,0.08548521,0
0,0.7336565,1
1,0.021628767,0
1,0.754708,1
0,0.1349202,0
0,0.0071539166,0
0,0.101269454,0
0,0.2786776,0
0,0.05814613,0
0,0.013612842,0
0,0.036099363,0
0,0.014528204,0
0,0.0039019051,0
0,0.09311759,0
0,0.020291263,0
0,0.030162401,0
0,0.020163879,0
0,0.017243085,0
0,0.049147565,0
1,0.48380658,1
0,0.024815002,0
0,0.11263101,0
1,0.3400878,1
0,0.52898306,1
0,0.2578563,0
0,0.018566752,0
0,0.013217727,0
0,0.0029320868,0
0,0.051537976,0
0,0.006989242,0
0,0.09336989,0
1,0.19777668,0
1,0.037035823,0
0,0.2182858,0
0,0.0064058155,0
0,0.010493007,0
0,0.7382444,1
0,0.41939047,1
0,0.12658972,0
0,0.007677869,0
0,0.08733199,0
0,0.025152521,0
0,0.0051675127,0
0,0.08698692,0
0,0.15954325,0
0,0.60363615,1
0,0.08267351,0
1,0.7527398,1
0,0.003629906,0
0,0.025157515,0
0,0.22474776,0
0,0.10297667,0
0,0.008898111,0
0,0.30161834,0
0,0.013124878,0
0,0.05854512,0
0,0.03090976,0
0,0.33110732,1
0,0.0069259964,0
0,0.085819125,0
0,0.022406314,0
0,0.0070192832,0
0,0.007801525,0
0,0.032073885,0
0,0.20105538,0
0,0.5385901,1
0,0.28522322,0
0,0.078194685,0
0,0.030254701,0
0,0.4240641,1
0,0.38868865,1
0,0.07192716,0
1,0.7320149,1
0,0.006147044,0
0,0.118027136,0
0,0.007911841,0
0,0.20321585,0
0,0.03816056,0
0,0.046641536,0
0,0.022210237,0
0,0.010001921,0
0,0.03762255,0
0,0.0045688823,0
0,0.010364575,0
0,0.008705963,0
0,0.0078347,0
0,0.018306825,0
0,0.0118934,0
1,0.74441725,1
0,0.030216116,0
0,0.04425547,0
1,0.568143,1
0,0.043532964,0
0,0.08799526,0
1,0.82265526,1
0,0.005130666,0
1,0.7439915,1
0,0.019922461,0
0,0.15699895,0
0,0.0061223633,0
0,0.17391212,0
0,0.172277,0
0,0.010926058,0
0,0.047614854,0
0,0.040354207,0
0,0.016592532,0
0,0.22304107,0
1,0.16597743,0
0,0.17771691,0
1,0.18739675,0
0,0.17473532,0
0,0.24287587,0
0,0.127636,0
0,0.054625396,0
0,0.16538393,0
0,0.008853663,0
0,0.009488922,0
0,0.00875342,0
0,0.009669705,0
0,0.013190694,0
0,0.09195423,0
0,0.009736675,0
0,0.012789749,0
1,0.09887327,0
0,0.02055467,0
0,0.014269748,0
0,0.042741217,0
0,0.006393547,0
1,0.10634378,0
0,0.094718784,0
0,0.0051258444,0
0,0.013512964,0
0,0.5462809,1
0,0.104199484,0
0,0.00873357,0
0,0.2329332,0
0,0.012469644,0
1,0.7732816,1
1,0.89800674,1
0,0.08858336,0
0,0.29850104,0
0,0.03038635,0
0,0.0440773,0
0,0.051615674,0
0,0.01123285,0
0,0.058737185,0
0,0.40007737,1
0,0.028663667,0
1,0.4415153,1
0,0.19610713,0
0,0.036002148,0
1,0.09279763,0
0,0.005906761,0
0,0.113265455,0
0,0.19741979,0
0,0.10662934,0
1,0.15781182,0
0,0.14953396,0
0,0.3986696,1
0,0.3928349,1
0,0.06519388,0
0,0.012916775,0
0,0.016957555,0
0,0.57377094,1
0,0.047236662,0
1,0.087890886,0
1,0.8015657,1
1,0.47780257,1
0,0.007589421,0
0,0.0064909384,0
0,0.020910427,0
0,0.019216467,0
0,0.05877083,0
0,0.35961685,1
0,0.02507554,0
1,0.69470954,1
0,0.14591604,0
0,0.026933415,0
0,0.023837503,0
0,0.02942369,0
0,0.04523472,0
0,0.050945222,0
1,0.61105996,1
0,0.170721,0
1,0.5836102,1
0,0.0049653705,0
0,0.033633586,0
0,0.14531603,0
0,0.012784873,0
0,0.009207104,0
0,0.17875445,0
0,0.039541505,0
1,0.23385696,0
0,0.02307828,0
0,0.28091785,0
1,0.057870712,0
0,0.008202478,0
0,0.016277285,0
0,0.024817357,0
0,0.0072038923,0
0,0.016055295,0
0,0.1643228,0
0,0.36968967,1
0,0.01548715,0
1,0.16541563,0
1,0.74673253,1
0,0.007694336,0
1,0.5601763,1
0,0.007949594,0
0,0.0058353366,0
1,0.38940784,1
0,0.12981847,0
0,0.50066215,1
1,0.54448634,1
1,0.6644448,1
0,0.0608597,0
0,0.032276377,0
0,0.007953397,0
0,0.17120655,0
0,0.068458535,0
0,0.04240628,0
1,0.7558443,1
0,0.00901491,0
0,0.037731018,0
0,0.017808134,0
1,0.21861374,0
0,0.06766882,0
0,0.06395159,0
0,0.11058725,0
0,0.6615612,1
0,0.031311158,0
0,0.0822229,0
0,0.008654751,0
0,0.025411356,0
0,0.7084029,1
0,0.022562107,0
1,0.75312614,1
0,0.005273494,0
0,0.004645509,0
0,0.0045103193,0
0,0.68348116,1
0,0.040342458,0
1,0.06686934,0
0,0.015050869,0
0,0.020884011,0
0,0.0064776368,0
0,0.25399688,0
0,0.013720235,0
0,0.29273757,0
0,0.45871472,1
0,0.0054961536,0
0,0.012806834,0
0,0.016639726,0
0,0.16950907,0
0,0.021502487,0
0,0.01068184,0
0,0.018460058,0
1,0.11896491,0
0,0.021443265,0
0,0.006385138,0
0,0.12024823,0
0,0.0059054904,0
0,0.07039868,0
0,0.0060456395,0
0,0.009515179,0
1,0.10560075,0
0,0.079876445,0
0,0.020993784,0
0,0.22986768,0
0,0.011879125,0
0,0.0071107857,0
0,0.08404535,0
0,0.007830301,0
0,0.021726087,0
0,0.61955017,1
0,0.53825027,1
0,0.2963116,0
0,0.0075987857,0
0,0.068958744,0
0,0.0487223,0
0,0.13584805,0
0,0.34476313,1
0,0.07391634,0
0,0.14438218,0
0,0.39928246,1
0,0.031751115,0
0,0.20673952,0
0,0.004771154,0
1,0.7540109,1
0,0.10312884,0
0,0.18898837,0
0,0.07037556,0
0,0.037136417,0
0,0.012322032,0
0,0.024166632,0
0,0.18128052,0
0,0.0106920935,0
1,0.0465282,0
0,0.0049136546,0
1,0.4366114,1
0,0.117035836,0
0,0.018056564,0
0,0.07994304,0
0,0.011168564,0
0,0.06480696,0
0,0.059809685,0
0,0.47496727,1
0,0.013443057,0
0,0.014109361,0
0,0.031489715,0
0,0.2816815,0
0,0.41396093,1
0,0.2488148,0
0,0.45643544,1
0,0.00586822,0
0,0.012184734,0
0,0.004005801,0
0,0.038672026,0
0,0.016586743,0
0,0.029197652,0
0,0.08552054,0
1,0.6954137,1
0,0.0057819975,0
0,0.006915316,0
0,0.020858783,0
0,0.080443494,0
1,0.24804482,0
0,0.008974854,0
0,0.09627695,0
0,0.10329009,0
0,0.01580979,0
1,0.24527377,0
0,0.013849516,0
0,0.041396428,0
0,0.06855138,0
1,0.3611896,1
0,0.08128228,0
1,0.21379386,0
0,0.2554081,0
0,0.29328847,0
0,0.034489084,0
0,0.2546824,0
0,0.046258714,0
0,0.016170228,0
0,0.4767816,1
0,0.027070029,0
0,0.009304741,0
0,0.04298216,0
0,0.013082218,0
0,0.040282678,0
0,0.020158153,0
1,0.86867654,1
0,0.0039995806,0
0,0.045083582,0
0,0.09231685,0
0,0.25694,0
0,0.017958766,0
0,0.10949999,0
0,0.32262617,1
0,0.025759017,0
0,0.019137615,0
0,0.009639578,0
0,0.038280845,0
0,0.016190456,0
0,0.0054503474,0
0,0.23862356,0
0,0.06430031,0
0,0.26740468,0
0,0.023158276,0
1,0.18387116,0
0,0.2668506,0
0,0.2529219,0
0,0.014242797,0
0,0.037099954,0
0,0.01234929,0
0,0.3020209,0
0,0.44415435,1
0,0.021770941,0
0,0.055897806,0
0,0.014973859,0
0,0.024120739,0
0,0.036904234,0
1,0.36672372,1
0,0.0047406754,0
0,0.018768337,0
0,0.03871044,0
0,0.7347456,1
0,0.011587991,0
0,0.004235447,0
0,0.41882786,1
0,0.030619977,0
1,0.87260497,1
0,0.0055305576,0
0,0.031241992,0
0,0.4363401,1
0,0.062102403,0
0,0.01385425,0
0,0.0899206,0
0,0.011433964,0
0,0.0070706583,0
0,0.052750845,0
0,0.0752808,0
0,0.21488436,0
0,0.014898741,0
0,0.37692958,1
0,0.009521334,0
0,0.0052665346,0
0,0.024797168,0
0,0.12504244,0
0,0.2602153,0
0,0.01330594,0
0,0.0064875293,0
1,0.812607,1
1,0.46979326,1
0,0.09767015,0
1,0.23157853,0
1,0.61488736,1
0,0.008391255,0
0,0.01874861,0
0,0.011496033,0
0,0.0136119025,0
0,0.035918415,0
0,0.018651288,0
0,0.0695925,0
0,0.002702132,0
0,0.19455664,0
0,0.23966914,0
0,0.0780831,0
0,0.0045364825,0
0,0.05047839,0
0,0.010524369,0
0,0.38655946,1
0,0.24644774,0
1,0.15953454,0
1,0.5300802,1
0,0.02208613,0
1,0.167188,0
0,0.26048923,0
0,0.48519206,1
0,0.047013666,0
0,0.04758558,0
1,0.6364578,1
0,0.084451064,0
0,0.076954536,0
0,0.07419939,0
0,0.18538606,0
0,0.05630754,0
0,0.09805794,0
0,0.009593011,0
0,0.24752744,0
0,0.10117547,0
0,0.017087545,0
0,0.024828147,0
0,0.3788465,1
1,0.47948366,1
0,0.044661846,0
1,0.3192296,1
0,0.022661358,0
0,0.16930969,0
0,0.008553756,0
0,0.013008957,0
0,0.008238552,0
0,0.005735318,0
0,0.00846873,0
0,0.25876617,0
0,0.13290831,0
0,0.37153074,1
0,0.1631541,0
0,0.051314045,0
0,0.07280893,0
0,0.05713633,0
0,0.21328305,0
0,0.007816983,0
1,0.50936556,1
0,0.010546184,0
0,0.0051297676,0
1,0.11142475,0
0,0.026756532,0
0,0.00847962,0
0,0.079595864,0
0,0.15839444,0
0,0.015171477,0
0,0.011133314,0
0,0.07050522,0
0,0.028617706,0
0,0.012049748,0
0,0.019599061,0
0,0.011381673,0
0,0.02323811,0
0,0.012760305,0
0,0.050314005,0
0,0.011048142,0
0,0.0062308926,0
1,0.48883188,1
0,0.12515378,0
0,0.012869834,0
0,0.010499906,0
0,0.0033162723,0
0,0.034722332,0
0,0.16275695,0
0,0.095791675,0
0,0.007120077,0
0,0.04471097,0
0,0.2182113,0
0,0.006643459,0
0,0.012688685,0
0,0.006292928,0
0,0.711863,1
0,0.011262527,0
0,0.1855024,0
0,0.018705959,0
0,0.013985505,0
0,0.016733339,0
0,0.021368952,0
0,0.018092738,0
1,0.36176667,1
0,0.006520417,0
0,0.0059456327,0
0,0.011332619,0
1,0.23019713,0
1,0.15881732,0
0,0.019914307,0
0,0.0064649996,0
0,0.05666224,0
0,0.031715434,0
0,0.044793766,0
0,0.09572237,0
0,0.16307113,0
0,0.03477247,0
0,0.013455635,0
0,0.010675672,0
0,0.004375709,0
1,0.55787057,1
0,0.043551274,0
0,0.007302131,0
0,0.202891,0
0,0.2164006,0
0,0.038886685,0
0,0.035730634,0
0,0.05785044,0
0,0.008468783,0
1,0.21418425,0
0,0.014810357,0
0,0.008935864,0
0,0.029501067,0
0,0.028270174,0
1,0.8535571,1
0,0.13699426,0
0,0.022188548,0
0,0.02134314,0
1,0.6695351,1
0,0.017854758,0
0,0.016070986,0
0,0.0069242585,0
1,0.5031465,1
0,0.008425589,0
0,0.043528795,0
0,0.3992326,1
0,0.18119055,0
0,0.027144395,0
0,0.056724027,0
1,0.28325266,0
1,0.7746286,1
0,0.13382603,0
0,0.35624084,1
0,0.30468297,0
0,0.21634248,0
0,0.008952615,0
0,0.011450534,0
1,0.3221946,1
0,0.38910806,1
0,0.0073279897,0
0,0.008015007,0
0,0.0078512,0
1,0.79757565,1
0,0.11494938,0
0,0.025310611,0
1,0.2765171,0
0,0.011381785,0
0,0.032315273,0
0,0.021050116,0
0,0.025677303,0
0,0.042379875,0
1,0.43998063,1
0,0.19156857,0
1,0.70017016,1
0,0.033040382,0
0,0.026461894,0
1,0.20871903,0
0,0.016894326,0
1,0.14085168,0
1,0.3868504,1
0,0.017109253,0
0,0.05760972,0
0,0.02723229,0
1,0.49690393,1
0,0.040533505,0
1,0.49116355,1
0,0.21502864,0
0,0.0067434055,0
0,0.00779318,0
0,0.011074933,0
0,0.03725394,0
0,0.04028624,0
0,0.020493824,0
0,0.015263021,0
0,0.089023724,0
0,0.11339791,0
0,0.05521652,0
0,0.20982419,0
0,0.48685053,1
0,0.039898116,0
0,0.07475454,0
0,0.035834916,0
0,0.1284729,0
0,0.014239424,0
0,0.0060776314,0
0,0.013788841,0
0,0.005239843,0
0,0.041212447,0
1,0.14721125,0
0,0.100072846,0
0,0.011654554,0
0,0.5761816,1
0,0.007972291,0
0,0.07951287,0
0,0.052488405,0
0,0.06504514,0
1,0.86104864,1
0,0.027146032,0
0,0.31232688,1
1,0.55800754,1
1,0.36984694,1
0,0.043817107,0
0,0.011008259,0
0,0.008625956,0
0,0.009766088,0
0,0.019873045,0
0,0.09060916,0
1,0.026302336,0
0,0.17769799,0
0,0.0074455324,0
1,0.15559012,0
0,0.041049194,0
0,0.027895842,0
0,0.045883596,0
0,0.47163063,1
0,0.08734814,0
1,0.586123,1
0,0.004665902,0
1,0.22711365,0
0,0.07284444,0
0,0.0059025986,0
0,0.01546218,0
0,0.00850531,0
0,0.15980878,0
1,0.7464244,1
0,0.38376328,1
0,0.013678241,0
0,0.033779327,0
0,0.03688963,0
0,0.020072721,0
0,0.026494907,0
0,0.012442966,0
0,0.06974737,0
0,0.009198908,0
0,0.012929301,0
0,0.036279652,0
0,0.094237335,0
0,0.044160683,0
0,0.4002349,1
0,0.064257205,0
0,0.0064366967,0
0,0.01115556,0
1,0.1647812,0
0,0.009674108,0
0,0.12306849,0
0,0.0054479023,0
0,0.16806482,0
0,0.7340452,1
0,0.024972964,0
0,0.025461728,0
0,0.00599398,0
0,0.20352617,0
0,0.004339291,0
1,0.19050567,0
0,0.008640583,0
0,0.007701111,0
0,0.37799892,1
0,0.042229578,0
0,0.007406042,0
0,0.057466876,0
0,0.18330757,0
0,0.022608006,0
0,0.009261895,0
0,0.41358817,1
0,0.011004915,0
0,0.0690022,0
0,0.11298626,0
0,0.011007631,0
0,0.12495622,0
0,0.021418223,0
0,0.0058674826,0
0,0.13081317,0
0,0.5718785,1
0,0.00839139,0
0,0.055579342,0
0,0.013815996,0
0,0.15486114,0
0,0.014437496,0
0,0.0070826868,0
0,0.007036613,0
1,0.46725148,1
0,0.2459101,0
0,0.0056534475,0
0,0.011874558,0
1,0.8496532,1
0,0.004947204,0
0,0.1901838,0
0,0.37328464,1
0,0.09853881,0
0,0.005404198,0
0,0.023131583,0
0,0.015613163,0
0,0.28530338,0
0,0.59785026,1
0,0.21487404,0
0,0.11707577,0
0,0.018294374,0
0,0.0127463285,0
0,0.24578026,0
0,0.548488,1
0,0.89953446,1
0,0.08052508,0
0,0.012860915,0
0,0.0062317965,0
1,0.015865466,0
0,0.017723942,0
0,0.029176198,0
0,0.0069585247,0
0,0.014606443,0
0,0.023642387,0
0,0.055383652,0
0,0.09625892,0
0,0.051968407,0
0,0.057614826,0
1,0.0649365,0
0,0.009268014,0
0,0.014780712,0
0,0.0989752,0
0,0.4997371,1
1,0.8549043,1
0,0.004258635,0
0,0.07755509,0
0,0.054396287,0
0,0.101219624,0
0,0.01942318,0
0,0.004732453,0
0,0.044860978,0
0,0.06748425,0
1,0.8169036,1
0,0.008265053,0
1,0.28038532,0
0,0.41991764,1
0,0.32374784,1
0,0.013338445,0
1,0.4900922,1
0,0.046039566,0
0,0.013010725,0
0,0.06440824,0
0,0.003298479,0
0,0.090993926,0
0,0.018001292,0
0,0.2274215,0
0,0.008500783,0
0,0.017208131,0
0,0.045723252,0
0,0.18492883,0
1,0.6400552,1
0,0.023702346,0
0,0.28930923,0
0,0.0054873875,0
0,0.01731862,0
0,0.042106535,0
0,0.0051829326,0
0,0.74280906,1
1,0.54422724,1
0,0.33797613,1
0,0.014266368,0
0,0.012438666,0
0,0.01774416,0
0,0.008883748,0
0,0.027640285,0
0,0.033914894,0
1,0.6011258,1
0,0.05851791,0
0,0.012589803,0
0,0.45391732,1
0,0.026394008,0
0,0.07616277,0
0,0.47308707,1
0,0.01469541,0
1,0.11894528,0
0,0.07162943,0
0,0.004790607,0
0,0.6755173,1
0,0.048527103,0
1,0.79882497,1
0,0.01310371,0
1,0.048297964,0
0,0.033838756,0
0,0.0058384025,0
1,0.24115917,0
0,0.028876657,0
0,0.049829002,0
0,0.031634472,0
0,0.019766213,0
0,0.051603258,0
0,0.015644435,0
0,0.010627143,0
0,0.37653622,1
0,0.5167727,1
