model,fpr,tpr,threshold
logistic_regression,0.0,0.0,inf
logistic_regression,0.0,0.0017094017094017094,0.9998256469462139
logistic_regression,0.0,0.011965811965811967,0.998543982398017
logistic_regression,0.00029282576866764275,0.011965811965811967,0.9984061632967268
logistic_regression,0.00029282576866764275,0.02735042735042735,0.9933748615138234
logistic_regression,0.0005856515373352855,0.02735042735042735,0.9932517782007021
logistic_regression,0.0005856515373352855,0.035897435897435895,0.9907688449683767
logistic_regression,0.0008784773060029283,0.035897435897435895,0.9900225432978678
logistic_regression,0.0008784773060029283,0.037606837606837605,0.9898072690408322
logistic_regression,0.001171303074670571,0.037606837606837605,0.9897251531885235
logistic_regression,0.001171303074670571,0.044444444444444446,0.988264551220423
logistic_regression,0.0014641288433382138,0.044444444444444446,0.9878745584577745
logistic_regression,0.0014641288433382138,0.04786324786324787,0.9862289857702362
logistic_regression,0.0017569546120058566,0.04786324786324787,0.9847489104692726
logistic_regression,0.0017569546120058566,0.05982905982905983,0.981170898676111
logistic_regression,0.0020497803806734994,0.05982905982905983,0.9810860772606311
logistic_regression,0.0020497803806734994,0.06837606837606838,0.9784747589413257
logistic_regression,0.002342606149341142,0.06837606837606838,0.978260382365112
logistic_regression,0.002342606149341142,0.08205128205128205,0.9747079938620803
logistic_regression,0.0026354319180087846,0.08205128205128205,0.9745985312436449
logistic_regression,0.0026354319180087846,0.08717948717948718,0.9722720351319563
logistic_regression,0.0029282576866764276,0.08717948717948718,0.9721567921974691
logistic_regression,0.0029282576866764276,0.10427350427350428,0.969761493424362
logistic_regression,0.00322108345534407,0.10427350427350428,0.9689602915184113
logistic_regression,0.00322108345534407,0.10598290598290598,0.9678746837126199
logistic_regression,0.003513909224011713,0.10598290598290598,0.9671371158671886
logistic_regression,0.003513909224011713,0.11623931623931624,0.9643770390155066
logistic_regression,0.003806734992679356,0.11623931623931624,0.9632002966159153
logistic_regression,0.003806734992679356,0.11794871794871795,0.9627709799613209
logistic_regression,0.004099560761346999,0.11794871794871795,0.9616114453867611
logistic_regression,0.004099560761346999,0.11965811965811966,0.9615949558201474
logistic_regression,0.004685212298682284,0.11965811965811966,0.9607231654532163
logistic_regression,0.004685212298682284,0.14017094017094017,0.9556330910521219
logistic_regression,0.005270863836017569,0.14017094017094017,0.9539834963693298
logistic_regression,0.005270863836017569,0.15042735042735042,0.950547332400373
logistic_regression,0.005563689604685213,0.15042735042735042,0.949868021788536
logistic_regression,0.005563689604685213,0.1641025641025641,0.9452847456231234
logistic_regression,0.005856515373352855,0.1641025641025641,0.9450869394745359
logistic_regression,0.005856515373352855,0.1658119658119658,0.9440522549909641
logistic_regression,0.006149341142020498,0.1658119658119658,0.9437235356351168
logistic_regression,0.006149341142020498,0.16923076923076924,0.9433042318337139
logistic_regression,0.006734992679355783,0.16923076923076924,0.9428339896970638
logistic_regression,0.006734992679355783,0.17264957264957265,0.9402754128530146
logistic_regression,0.007320644216691069,0.17264957264957265,0.9387023272331512
logistic_regression,0.007320644216691069,0.17435897435897435,0.9386288696878538
logistic_regression,0.007613469985358712,0.17435897435897435,0.937919982942261
logistic_regression,0.007613469985358712,0.17606837606837608,0.937867762794641
logistic_regression,0.008199121522693998,0.17606837606837608,0.9371279232629696
logistic_regression,0.008199121522693998,0.1794871794871795,0.9361235257617886
logistic_regression,0.00849194729136164,0.1794871794871795,0.936065039604399
logistic_regression,0.00849194729136164,0.18803418803418803,0.9337770482641384
logistic_regression,0.008784773060029283,0.18803418803418803,0.9334118168415595
logistic_regression,0.008784773060029283,0.18974358974358974,0.932899491250278
logistic_regression,0.009077598828696925,0.18974358974358974,0.9326959165792762
logistic_regression,0.009077598828696925,0.19145299145299147,0.932551120398583
logistic_regression,0.009956076134699853,0.19145299145299147,0.9305197371444245
logistic_regression,0.009956076134699853,0.19316239316239317,0.9294704071397244
logistic_regression,0.010248901903367497,0.19316239316239317,0.9292358435642081
logistic_regression,0.010248901903367497,0.19487179487179487,0.9287245182180495
logistic_regression,0.010834553440702782,0.19487179487179487,0.9271135958162844
logistic_regression,0.010834553440702782,0.2,0.9260297221112853
logistic_regression,0.011127379209370425,0.2,0.9259401034977532
logistic_regression,0.011127379209370425,0.20341880341880342,0.9257923545662287
logistic_regression,0.011420204978038067,0.20341880341880342,0.9254499009874704
logistic_regression,0.011420204978038067,0.20512820512820512,0.9251551194770856
logistic_regression,0.012591508052708639,0.20512820512820512,0.9242310855609521
logistic_regression,0.012591508052708639,0.20854700854700856,0.923306228389219
logistic_regression,0.01288433382137628,0.20854700854700856,0.9231256663982107
logistic_regression,0.01288433382137628,0.21025641025641026,0.9231037815235643
logistic_regression,0.013177159590043924,0.21025641025641026,0.922907196478287
logistic_regression,0.013177159590043924,0.21367521367521367,0.9216840533635873
logistic_regression,0.013469985358711566,0.21367521367521367,0.9215598747192482
logistic_regression,0.013469985358711566,0.2153846153846154,0.9204691385592942
logistic_regression,0.01376281112737921,0.2153846153846154,0.9200924461249793
logistic_regression,0.01376281112737921,0.2170940170940171,0.9196052373984547
logistic_regression,0.014348462664714495,0.2170940170940171,0.9187900939577122
logistic_regression,0.014348462664714495,0.2188034188034188,0.9186457945079363
logistic_regression,0.014641288433382138,0.2188034188034188,0.9176426398479751
logistic_regression,0.014641288433382138,0.22735042735042735,0.9158934784558471
logistic_regression,0.015226939970717423,0.22735042735042735,0.9149667739832403
logistic_regression,0.015226939970717423,0.22905982905982905,0.9149021228052698
logistic_regression,0.015519765739385067,0.22905982905982905,0.9147778994824988
logistic_regression,0.015519765739385067,0.23076923076923078,0.9128049984191614
logistic_regression,0.016398243045387995,0.23076923076923078,0.9107572460198136
logistic_regression,0.016398243045387995,0.2358974358974359,0.9101478370343885
logistic_regression,0.016691068814055635,0.2358974358974359,0.9098544455604988
logistic_regression,0.016691068814055635,0.252991452991453,0.905004330831257
logistic_regression,0.017569546120058566,0.252991452991453,0.9026200869892865
logistic_regression,0.017569546120058566,0.2547008547008547,0.9022656328724779
logistic_regression,0.01815519765739385,0.2547008547008547,0.9006456584036093
logistic_regression,0.01815519765739385,0.2564102564102564,0.9004679447326887
logistic_regression,0.018740849194729136,0.2564102564102564,0.8998681773470641
logistic_regression,0.018740849194729136,0.25811965811965815,0.899442594954599
logistic_regression,0.01903367496339678,0.25811965811965815,0.8987880192610225
logistic_regression,0.01903367496339678,0.26153846153846155,0.8983687654444732
logistic_regression,0.019326500732064423,0.26153846153846155,0.8980027814299405
logistic_regression,0.019326500732064423,0.26324786324786326,0.8977373151323729
logistic_regression,0.019619326500732063,0.26324786324786326,0.8975066292729524
logistic_regression,0.019619326500732063,0.26495726495726496,0.8973400206638237
logistic_regression,0.020790629575402637,0.26495726495726496,0.8953144077664721
logistic_regression,0.020790629575402637,0.26666666666666666,0.8951597083739392
logistic_regression,0.02137628111273792,0.26666666666666666,0.8935394324539223
logistic_regression,0.02137628111273792,0.26837606837606837,0.8923994405529606
logistic_regression,0.021669106881405564,0.26837606837606837,0.892302155384325
logistic_regression,0.021669106881405564,0.27008547008547007,0.8917946850680175
logistic_regression,0.02254758418740849,0.27008547008547007,0.8905387981590234
logistic_regression,0.02254758418740849,0.27521367521367524,0.8894706522050466
logistic_regression,0.023718887262079064,0.27521367521367524,0.8884059265899437
logistic_regression,0.023718887262079064,0.28205128205128205,0.8855467112706892
logistic_regression,0.024304538799414348,0.28205128205128205,0.8844334571364929
logistic_regression,0.024304538799414348,0.28376068376068375,0.8843265022209331
logistic_regression,0.02459736456808199,0.28376068376068375,0.8841584083157192
logistic_regression,0.02459736456808199,0.28717948717948716,0.8828773497227271
logistic_regression,0.024890190336749635,0.28717948717948716,0.8825296741733335
logistic_regression,0.024890190336749635,0.2905982905982906,0.8819437471434771
logistic_regression,0.026647144948755492,0.2905982905982906,0.8793898185255083
logistic_regression,0.026647144948755492,0.2923076923076923,0.8790481261417764
logistic_regression,0.026939970717423132,0.2923076923076923,0.8785558132202759
logistic_regression,0.026939970717423132,0.294017094017094,0.877673966481221
logistic_regression,0.027232796486090775,0.294017094017094,0.8772829701167264
logistic_regression,0.027232796486090775,0.30085470085470084,0.8756952072450933
logistic_regression,0.02752562225475842,0.30085470085470084,0.8756579332546184
logistic_regression,0.02752562225475842,0.30256410256410254,0.8752424694742235
logistic_regression,0.028404099560761346,0.30256410256410254,0.874150520973426
logistic_regression,0.028404099560761346,0.30427350427350425,0.872894154471542
logistic_regression,0.028989751098096633,0.30427350427350425,0.8724095420919971
logistic_regression,0.028989751098096633,0.305982905982906,0.8720088883479877
logistic_regression,0.029282576866764276,0.305982905982906,0.8708219336642069
logistic_regression,0.029282576866764276,0.3111111111111111,0.8704591227516321
logistic_regression,0.02957540263543192,0.3111111111111111,0.8704344167764336
logistic_regression,0.02957540263543192,0.3128205128205128,0.8701891023393882
logistic_regression,0.02986822840409956,0.3128205128205128,0.8697943182504665
logistic_regression,0.02986822840409956,0.3162393162393162,0.868977496592701
logistic_regression,0.030161054172767203,0.3162393162393162,0.8687200770251721
logistic_regression,0.030161054172767203,0.31794871794871793,0.8681634531666123
logistic_regression,0.03133235724743778,0.31794871794871793,0.8671273306323802
logistic_regression,0.03133235724743778,0.31965811965811963,0.8667934620631446
logistic_regression,0.03367496339677892,0.31965811965811963,0.862496734153552
logistic_regression,0.03367496339677892,0.3230769230769231,0.8620765519784495
logistic_regression,0.03396778916544656,0.3230769230769231,0.8604395021492885
logistic_regression,0.03396778916544656,0.3247863247863248,0.86016936870012
logistic_regression,0.034260614934114204,0.3247863247863248,0.8601448040601836
logistic_regression,0.034260614934114204,0.3282051282051282,0.8587166572953842
logistic_regression,0.03543191800878477,0.3282051282051282,0.8567264678502681
logistic_regression,0.03543191800878477,0.3299145299145299,0.8554179098396261
logistic_regression,0.03601756954612006,0.3299145299145299,0.8536974156980028
logistic_regression,0.03601756954612006,0.3333333333333333,0.8529163877993536
logistic_regression,0.036603221083455345,0.3333333333333333,0.8515724653567169
logistic_regression,0.036603221083455345,0.3367521367521368,0.8506380205054289
logistic_regression,0.036896046852122985,0.3367521367521368,0.8505154002862332
logistic_regression,0.036896046852122985,0.3384615384615385,0.8505009079999603
logistic_regression,0.03748169838945827,0.3384615384615385,0.8496061070432644
logistic_regression,0.03748169838945827,0.3435897435897436,0.8474688494257505
logistic_regression,0.03777452415812591,0.3435897435897436,0.8469734805184682
logistic_regression,0.03777452415812591,0.3487179487179487,0.846369354010102
logistic_regression,0.038653001464128846,0.3487179487179487,0.8457178844147969
logistic_regression,0.038653001464128846,0.35213675213675216,0.8455086788980366
logistic_regression,0.039238653001464126,0.35213675213675216,0.844167641227011
logistic_regression,0.039238653001464126,0.35384615384615387,0.8441237226303762
logistic_regression,0.03953147877013177,0.35384615384615387,0.8441063382047026
logistic_regression,0.03953147877013177,0.35555555555555557,0.8440338757103737
logistic_regression,0.0404099560761347,0.35555555555555557,0.8432372580771863
logistic_regression,0.0404099560761347,0.3572649572649573,0.84199660984181
logistic_regression,0.04187408491947291,0.3572649572649573,0.8414134464599279
logistic_regression,0.04187408491947291,0.358974358974359,0.8412504432513925
logistic_regression,0.04216691068814055,0.358974358974359,0.8408066603086007
logistic_regression,0.04216691068814055,0.3641025641025641,0.8403466571939417
logistic_regression,0.0424597364568082,0.3641025641025641,0.8403456857693224
logistic_regression,0.0424597364568082,0.37777777777777777,0.8366432906984616
logistic_regression,0.04304538799414349,0.37777777777777777,0.8362989120068606
logistic_regression,0.04304538799414349,0.37948717948717947,0.8362507990525463
logistic_regression,0.04333821376281113,0.37948717948717947,0.8361886047773296
logistic_regression,0.04333821376281113,0.3811965811965812,0.8355362638218395
logistic_regression,0.04363103953147877,0.3811965811965812,0.8350373090255103
logistic_regression,0.04363103953147877,0.38290598290598293,0.8349874955680294
logistic_regression,0.04480234260614934,0.38290598290598293,0.8333567352583776
logistic_regression,0.04480234260614934,0.38632478632478634,0.8324353893721337
logistic_regression,0.04538799414348463,0.38632478632478634,0.8315067021415328
logistic_regression,0.04538799414348463,0.38803418803418804,0.8309282702500048
logistic_regression,0.04568081991215227,0.38803418803418804,0.8305051450325459
logistic_regression,0.04568081991215227,0.39145299145299145,0.8286268851760854
logistic_regression,0.045973645680819915,0.39145299145299145,0.8286144113904792
logistic_regression,0.045973645680819915,0.39487179487179486,0.8279509449482958
logistic_regression,0.046266471449487555,0.39487179487179486,0.8278037938525606
logistic_regression,0.046266471449487555,0.39829059829059826,0.8270367329979986
logistic_regression,0.04685212298682284,0.39829059829059826,0.8266293817992085
logistic_regression,0.04685212298682284,0.4,0.8263694368836474
logistic_regression,0.04743777452415813,0.4,0.8258199247491889
logistic_regression,0.04743777452415813,0.40341880341880343,0.8250734586898648
logistic_regression,0.048609077598828695,0.40341880341880343,0.8232958552484266
logistic_regression,0.048609077598828695,0.40512820512820513,0.8218990479371486
logistic_regression,0.04919472913616398,0.40512820512820513,0.8214055255231797
logistic_regression,0.04919472913616398,0.41025641025641024,0.8208150467899965
logistic_regression,0.04948755490483162,0.41025641025641024,0.8208113698573781
logistic_regression,0.04948755490483162,0.41196581196581195,0.8203367964561564
logistic_regression,0.050658857979502196,0.41196581196581195,0.8167439276988343
logistic_regression,0.050658857979502196,0.4170940170940171,0.8154918627123531
logistic_regression,0.05241581259150805,0.4170940170940171,0.8130846709804821
logistic_regression,0.05241581259150805,0.4188034188034188,0.8128570058423649
logistic_regression,0.0527086383601757,0.4188034188034188,0.8127846925856039
logistic_regression,0.0527086383601757,0.4205128205128205,0.8126956020404632
logistic_regression,0.053587115666178624,0.4205128205128205,0.8103156531908465
logistic_regression,0.053587115666178624,0.4222222222222222,0.810154140566195
logistic_regression,0.05417276720351391,0.4222222222222222,0.8089374377330951
logistic_regression,0.05417276720351391,0.4256410256410256,0.8082995912720815
logistic_regression,0.05446559297218155,0.4256410256410256,0.8081878746067421
logistic_regression,0.05446559297218155,0.42905982905982903,0.8073634494915232
logistic_regression,0.05534407027818448,0.42905982905982903,0.806029458837901
logistic_regression,0.05534407027818448,0.4307692307692308,0.8053118782093696
logistic_regression,0.055929721815519765,0.4307692307692308,0.8032600837555025
logistic_regression,0.055929721815519765,0.4324786324786325,0.8031881414981885
logistic_regression,0.05651537335285505,0.4324786324786325,0.801835230794501
logistic_regression,0.05651537335285505,0.4358974358974359,0.8013755459540772
logistic_regression,0.05856515373352855,0.4358974358974359,0.7964341400734182
logistic_regression,0.05856515373352855,0.441025641025641,0.7955619480476342
logistic_regression,0.05944363103953148,0.441025641025641,0.793992746690158
logistic_regression,0.05944363103953148,0.4427350427350427,0.7937712908147673
logistic_regression,0.05973645680819912,0.4427350427350427,0.7933481444373256
logistic_regression,0.05973645680819912,0.4444444444444444,0.7930583664026467
logistic_regression,0.060029282576866766,0.4444444444444444,0.7929901140602127
logistic_regression,0.060029282576866766,0.4478632478632479,0.7905545682983697
logistic_regression,0.060322108345534406,0.4478632478632479,0.790457454198285
logistic_regression,0.060322108345534406,0.4495726495726496,0.7904493808142714
logistic_regression,0.06090775988286969,0.4495726495726496,0.7903132773316623
logistic_regression,0.06090775988286969,0.4547008547008547,0.7894495542637978
logistic_regression,0.06237188872620791,0.4547008547008547,0.7879878903893723
logistic_regression,0.06237188872620791,0.4564102564102564,0.7879313628784967
logistic_regression,0.06266471449487555,0.4564102564102564,0.7876227523423458
logistic_regression,0.06266471449487555,0.4581196581196581,0.7876078674225397
logistic_regression,0.06325036603221083,0.4581196581196581,0.787221131663599
logistic_regression,0.06325036603221083,0.46495726495726497,0.7860673070771805
logistic_regression,0.06354319180087847,0.46495726495726497,0.7854430132459226
logistic_regression,0.06354319180087847,0.4666666666666667,0.7852535183884894
logistic_regression,0.06412884333821377,0.4666666666666667,0.7850951146675637
logistic_regression,0.06412884333821377,0.4683760683760684,0.7850268076694172
logistic_regression,0.06442166910688141,0.4683760683760684,0.7849844941131368
logistic_regression,0.06442166910688141,0.4717948717948718,0.7822536106480618
logistic_regression,0.06530014641288433,0.4717948717948718,0.7806178257200748
logistic_regression,0.06530014641288433,0.4752136752136752,0.7794974147029223
logistic_regression,0.06617862371888726,0.4752136752136752,0.7765542333518339
logistic_regression,0.06617862371888726,0.47692307692307695,0.7763107440393455
logistic_regression,0.06676427525622254,0.47692307692307695,0.7759033767361218
logistic_regression,0.06676427525622254,0.48034188034188036,0.7758304076253687
logistic_regression,0.06764275256222547,0.48034188034188036,0.7753523637610916
logistic_regression,0.06764275256222547,0.48205128205128206,0.7744710864925723
logistic_regression,0.06969253294289897,0.48205128205128206,0.7709802237418101
logistic_regression,0.06969253294289897,0.48376068376068376,0.7708480058159517
logistic_regression,0.06998535871156662,0.48376068376068376,0.769413773701432
logistic_regression,0.06998535871156662,0.48717948717948717,0.7691138494930119
logistic_regression,0.07115666178623718,0.48717948717948717,0.766078182986649
logistic_regression,0.07115666178623718,0.4888888888888889,0.7659297863320642
logistic_regression,0.0746705710102489,0.4888888888888889,0.7622569241646787
logistic_regression,0.0746705710102489,0.4905982905982906,0.7619419429613666
logistic_regression,0.07496339677891654,0.4905982905982906,0.7613965243544915
logistic_regression,0.07496339677891654,0.49401709401709404,0.7607144578844296
logistic_regression,0.07525622254758418,0.49401709401709404,0.7602929245661113
logistic_regression,0.07525622254758418,0.49572649572649574,0.7597187090987503
logistic_regression,0.07642752562225476,0.49572649572649574,0.7585267759826229
logistic_regression,0.07642752562225476,0.5025641025641026,0.7570971872467058
logistic_regression,0.07789165446559297,0.5025641025641026,0.7560158821879449
logistic_regression,0.07789165446559297,0.5042735042735043,0.7552364012601129
logistic_regression,0.07818448023426061,0.5042735042735043,0.7545897982335992
logistic_regression,0.07818448023426061,0.5076923076923077,0.7544318429245427
logistic_regression,0.08052708638360176,0.5076923076923077,0.7496217283388447
logistic_regression,0.08052708638360176,0.5128205128205128,0.7488894834001703
logistic_regression,0.0808199121522694,0.5128205128205128,0.7487131561781903
logistic_regression,0.0808199121522694,0.5145299145299145,0.7481723707057607
logistic_regression,0.08140556368960468,0.5145299145299145,0.7475247893255814
logistic_regression,0.08140556368960468,0.517948717948718,0.7465856104764059
logistic_regression,0.08228404099560761,0.517948717948718,0.7462953072476066
logistic_regression,0.08228404099560761,0.5196581196581197,0.7462440794430388
logistic_regression,0.08257686676427525,0.5196581196581197,0.746061392721682
logistic_regression,0.08257686676427525,0.5213675213675214,0.7459290442477537
logistic_regression,0.08374816983894583,0.5213675213675214,0.7443462168268599
logistic_regression,0.08374816983894583,0.5230769230769231,0.7436253678752228
logistic_regression,0.08404099560761347,0.5230769230769231,0.7432090677787077
logistic_regression,0.08404099560761347,0.5247863247863248,0.7428294103513703
logistic_regression,0.0849194729136164,0.5247863247863248,0.7419704261961932
logistic_regression,0.0849194729136164,0.5264957264957265,0.7418516069124563
logistic_regression,0.08550512445095168,0.5264957264957265,0.7410006738353807
logistic_regression,0.08550512445095168,0.5299145299145299,0.7404800834979876
logistic_regression,0.08609077598828697,0.5299145299145299,0.740199284758225
logistic_regression,0.08609077598828697,0.5316239316239316,0.7400728080213548
logistic_regression,0.08638360175695461,0.5316239316239316,0.7400206660989214
logistic_regression,0.08638360175695461,0.535042735042735,0.7392116243568267
logistic_regression,0.08667642752562225,0.535042735042735,0.7388095479200029
logistic_regression,0.08667642752562225,0.5367521367521367,0.7387960208880456
logistic_regression,0.08814055636896047,0.5367521367521367,0.7361909662455256
logistic_regression,0.08814055636896047,0.5401709401709401,0.7360673232541235
logistic_regression,0.09048316251830162,0.5401709401709401,0.7322369874570627
logistic_regression,0.09048316251830162,0.5418803418803418,0.7317542367574796
logistic_regression,0.09165446559297218,0.5418803418803418,0.7299361480992956
logistic_regression,0.09165446559297218,0.5435897435897435,0.7296414848816257
logistic_regression,0.09253294289897511,0.5435897435897435,0.7277391513872957
logistic_regression,0.09253294289897511,0.5470085470085471,0.7273352242876291
logistic_regression,0.09311859443631039,0.5470085470085471,0.7262822841951558
logistic_regression,0.09311859443631039,0.5487179487179488,0.7262297021652043
logistic_regression,0.09428989751098096,0.5487179487179488,0.7258386740369974
logistic_regression,0.09428989751098096,0.5504273504273505,0.7258313299235531
logistic_regression,0.09487554904831626,0.5504273504273505,0.7248275756325026
logistic_regression,0.09487554904831626,0.5521367521367522,0.7245930535422591
logistic_regression,0.0951683748169839,0.5521367521367522,0.7242148637449155
logistic_regression,0.0951683748169839,0.5555555555555556,0.7239561956316055
logistic_regression,0.09604685212298682,0.5555555555555556,0.7234211838006875
logistic_regression,0.09604685212298682,0.5572649572649573,0.7228941780606324
logistic_regression,0.09663250366032211,0.5572649572649573,0.7222427988073239
logistic_regression,0.09663250366032211,0.5606837606837607,0.7213258071420835
logistic_regression,0.09721815519765739,0.5606837606837607,0.7210464714898357
logistic_regression,0.09721815519765739,0.5641025641025641,0.7199305670836003
logistic_regression,0.09780380673499268,0.5641025641025641,0.7189236913416164
logistic_regression,0.09780380673499268,0.5658119658119658,0.7160505593412806
logistic_regression,0.10161054172767203,0.5658119658119658,0.7100602679095235
logistic_regression,0.10161054172767203,0.5675213675213675,0.7092611406145802
logistic_regression,0.10336749633967789,0.5675213675213675,0.7075563553100854
logistic_regression,0.10336749633967789,0.5692307692307692,0.7070729760094496
logistic_regression,0.10453879941434846,0.5692307692307692,0.7065251654169774
logistic_regression,0.10453879941434846,0.5709401709401709,0.7061120241390002
logistic_regression,0.1048316251830161,0.5709401709401709,0.7059719094656867
logistic_regression,0.1048316251830161,0.5726495726495726,0.7057652673496305
logistic_regression,0.1054172767203514,0.5726495726495726,0.7052968142617533
logistic_regression,0.1054172767203514,0.5743589743589743,0.7051171673021652
logistic_regression,0.10688140556368961,0.5743589743589743,0.7020586653702923
logistic_regression,0.10688140556368961,0.5777777777777777,0.7003812468603875
logistic_regression,0.10746705710102489,0.5777777777777777,0.6993848215642253
logistic_regression,0.10746705710102489,0.5794871794871795,0.6993671558805429
logistic_regression,0.10775988286969253,0.5794871794871795,0.6990072506172423
logistic_regression,0.10775988286969253,0.5811965811965812,0.6985561237013589
logistic_regression,0.10834553440702782,0.5811965811965812,0.6975591739425183
logistic_regression,0.10834553440702782,0.582905982905983,0.6975579696291481
logistic_regression,0.10863836017569546,0.582905982905983,0.6974109674615244
logistic_regression,0.10863836017569546,0.5846153846153846,0.6971237879179648
logistic_regression,0.11098096632503661,0.5846153846153846,0.6937980277986835
logistic_regression,0.11098096632503661,0.5863247863247864,0.6931131358740101
logistic_regression,0.11127379209370425,0.5863247863247864,0.6926238636674192
logistic_regression,0.11127379209370425,0.588034188034188,0.6923155452091249
logistic_regression,0.11156661786237189,0.588034188034188,0.6920865885002266
logistic_regression,0.11156661786237189,0.5897435897435898,0.6918229244823484
logistic_regression,0.11215226939970717,0.5897435897435898,0.6892784978903735
logistic_regression,0.11215226939970717,0.5914529914529915,0.6891337551727839
logistic_regression,0.11244509516837482,0.5914529914529915,0.6883951424741656
logistic_regression,0.11244509516837482,0.5931623931623932,0.6880665454757834
logistic_regression,0.11273792093704246,0.5931623931623932,0.6878441134397237
logistic_regression,0.11273792093704246,0.5948717948717949,0.68734687456394
logistic_regression,0.11332357247437774,0.5948717948717949,0.6865304443712433
logistic_regression,0.11332357247437774,0.5965811965811966,0.6858566884894257
logistic_regression,0.11390922401171304,0.5965811965811966,0.6840084627739502
logistic_regression,0.11390922401171304,0.5982905982905983,0.68362820007084
logistic_regression,0.11478770131771596,0.5982905982905983,0.6818071982710981
logistic_regression,0.11478770131771596,0.6,0.6803425949461893
logistic_regression,0.1150805270863836,0.6,0.679460704722674
logistic_regression,0.1150805270863836,0.6017094017094017,0.6787019404459004
logistic_regression,0.11537335285505125,0.6017094017094017,0.6776206368075107
logistic_regression,0.11537335285505125,0.6034188034188034,0.6772553902364824
logistic_regression,0.11654465592972181,0.6034188034188034,0.675460170426901
logistic_regression,0.11654465592972181,0.6051282051282051,0.674749706555615
logistic_regression,0.11771595900439238,0.6051282051282051,0.6725224385465055
logistic_regression,0.11771595900439238,0.6068376068376068,0.6706736978869047
logistic_regression,0.11947291361639824,0.6068376068376068,0.6670961039208618
logistic_regression,0.11947291361639824,0.6085470085470085,0.6666553658369191
logistic_regression,0.11976573938506589,0.6085470085470085,0.6658027679620157
logistic_regression,0.11976573938506589,0.6102564102564103,0.6652053920735942
logistic_regression,0.12152269399707175,0.6102564102564103,0.6628107129244686
logistic_regression,0.12152269399707175,0.6136752136752137,0.6607017089991579
logistic_regression,0.12181551976573939,0.6136752136752137,0.660528396356748
logistic_regression,0.12181551976573939,0.6170940170940171,0.659882723622503
logistic_regression,0.12269399707174232,0.6170940170940171,0.6545101225143707
logistic_regression,0.12269399707174232,0.6188034188034188,0.654291074233077
logistic_regression,0.1253294289897511,0.6188034188034188,0.6517111879082388
logistic_regression,0.1253294289897511,0.6205128205128205,0.651475317800315
logistic_regression,0.126207906295754,0.6205128205128205,0.6503282453099625
logistic_regression,0.126207906295754,0.6222222222222222,0.6493931010651411
logistic_regression,0.12825768667642753,0.6222222222222222,0.6470430249776356
logistic_regression,0.12825768667642753,0.6239316239316239,0.646911988585296
logistic_regression,0.12855051244509516,0.6239316239316239,0.6467496228246167
logistic_regression,0.12855051244509516,0.6273504273504273,0.6460279006846724
logistic_regression,0.13030746705710103,0.6273504273504273,0.6444220470072205
logistic_regression,0.13030746705710103,0.629059829059829,0.6441444616968524
logistic_regression,0.13265007320644218,0.629059829059829,0.6424191503942865
logistic_regression,0.13265007320644218,0.6307692307692307,0.6422655335364521
logistic_regression,0.1341142020497804,0.6307692307692307,0.6377248300922961
logistic_regression,0.1341142020497804,0.6324786324786325,0.6368870557901173
logistic_regression,0.13528550512445095,0.6324786324786325,0.6351826517460686
logistic_regression,0.13528550512445095,0.6376068376068376,0.6336024266933187
logistic_regression,0.13850658857979503,0.6376068376068376,0.6282263062113902
logistic_regression,0.13850658857979503,0.6393162393162393,0.6271499901662825
logistic_regression,0.14084919472913615,0.6393162393162393,0.6215643185704731
logistic_regression,0.14084919472913615,0.6410256410256411,0.6203646734393647
logistic_regression,0.14231332357247437,0.6410256410256411,0.6186696760571463
logistic_regression,0.14231332357247437,0.6461538461538462,0.6179552525809141
logistic_regression,0.14260614934114202,0.6461538461538462,0.6176136109474561
logistic_regression,0.14260614934114202,0.6478632478632479,0.6175920578042029
logistic_regression,0.1443631039531479,0.6478632478632479,0.617061972062653
logistic_regression,0.1443631039531479,0.6495726495726496,0.6164778681037714
logistic_regression,0.14553440702781845,0.6495726495726496,0.6152815498899215
logistic_regression,0.14553440702781845,0.6512820512820513,0.6146934213715052
logistic_regression,0.14612005856515373,0.6512820512820513,0.6146542760865913
logistic_regression,0.14612005856515373,0.652991452991453,0.614298989222047
logistic_regression,0.146705710102489,0.652991452991453,0.6139229974440696
logistic_regression,0.146705710102489,0.6547008547008547,0.6138891322809319
logistic_regression,0.14875549048316253,0.6547008547008547,0.6096362693169426
logistic_regression,0.14875549048316253,0.6581196581196581,0.6084362604418925
logistic_regression,0.1499267935578331,0.6581196581196581,0.6058356287841439
logistic_regression,0.1499267935578331,0.6598290598290598,0.605359062984418
logistic_regression,0.15080527086383602,0.6598290598290598,0.6049345980533768
logistic_regression,0.15080527086383602,0.6615384615384615,0.604657794058481
logistic_regression,0.15168374816983896,0.6615384615384615,0.6025601180946013
logistic_regression,0.15168374816983896,0.6632478632478632,0.6023414248709774
logistic_regression,0.15256222547584186,0.6632478632478632,0.6019043044117196
logistic_regression,0.15256222547584186,0.6649572649572649,0.601867573811354
logistic_regression,0.15285505124450952,0.6649572649572649,0.6017907082096468
logistic_regression,0.15285505124450952,0.67008547008547,0.5995649255573889
logistic_regression,0.15314787701317717,0.67008547008547,0.5987919960574164
logistic_regression,0.15314787701317717,0.6717948717948717,0.5986817966209271
logistic_regression,0.15373352855051245,0.6717948717948717,0.5976822518489993
logistic_regression,0.15373352855051245,0.6735042735042736,0.5975057269368362
logistic_regression,0.15431918008784773,0.6735042735042736,0.5971585476714752
logistic_regression,0.15431918008784773,0.6752136752136753,0.5971345270083521
logistic_regression,0.15578330893118594,0.6752136752136753,0.59415281973784
logistic_regression,0.15578330893118594,0.676923076923077,0.5935802409353114
logistic_regression,0.1560761346998536,0.676923076923077,0.5932372706434583
logistic_regression,0.1560761346998536,0.6786324786324787,0.5929434287608576
logistic_regression,0.15783308931185944,0.6786324786324787,0.5901851962748809
logistic_regression,0.15783308931185944,0.6803418803418804,0.589878641844564
logistic_regression,0.15871156661786237,0.6803418803418804,0.5885082887963067
logistic_regression,0.15871156661786237,0.6820512820512821,0.5874991596537332
logistic_regression,0.15988286969253293,0.6820512820512821,0.5838495858873459
logistic_regression,0.15988286969253293,0.6854700854700855,0.5837684018951057
logistic_regression,0.16017569546120058,0.6854700854700855,0.5830674544292153
logistic_regression,0.16017569546120058,0.6871794871794872,0.5826877241282846
logistic_regression,0.16222547584187408,0.6871794871794872,0.5797364197708557
logistic_regression,0.16222547584187408,0.6888888888888889,0.5791918152983274
logistic_regression,0.16339677891654467,0.6888888888888889,0.5781005654583043
logistic_regression,0.16339677891654467,0.6905982905982906,0.5778571637876432
logistic_regression,0.16691068814055637,0.6905982905982906,0.5749700658689497
logistic_regression,0.16691068814055637,0.6923076923076923,0.573626426486564
logistic_regression,0.167203513909224,0.6923076923076923,0.5735590881292016
logistic_regression,0.167203513909224,0.694017094017094,0.572880847522786
logistic_regression,0.16749633967789165,0.694017094017094,0.5722643057250569
logistic_regression,0.16749633967789165,0.6957264957264957,0.5717080378976859
logistic_regression,0.1677891654465593,0.6957264957264957,0.5715257106547128
logistic_regression,0.1677891654465593,0.6974358974358974,0.5713808178544647
logistic_regression,0.16925329428989752,0.6974358974358974,0.5697889692392053
logistic_regression,0.16925329428989752,0.6991452991452991,0.5697454856443578
logistic_regression,0.17013177159590043,0.6991452991452991,0.5674920341110952
logistic_regression,0.17013177159590043,0.7008547008547008,0.5672179402807613
logistic_regression,0.17101024890190336,0.7008547008547008,0.5655036736618585
logistic_regression,0.17101024890190336,0.7042735042735043,0.5653113046319769
logistic_regression,0.17130307467057102,0.7042735042735043,0.5649722211987753
logistic_regression,0.17130307467057102,0.705982905982906,0.5648957993914977
logistic_regression,0.1718887262079063,0.705982905982906,0.5644937826733603
logistic_regression,0.1718887262079063,0.7076923076923077,0.5644911684951015
logistic_regression,0.175402635431918,0.7076923076923077,0.5619742791474759
logistic_regression,0.175402635431918,0.7094017094017094,0.5618453832086002
logistic_regression,0.17569546120058566,0.7094017094017094,0.5614102445244292
logistic_regression,0.17569546120058566,0.7128205128205128,0.560476249068768
logistic_regression,0.17920937042459736,0.7128205128205128,0.5554703784951449
logistic_regression,0.17920937042459736,0.7145299145299145,0.555038269354234
logistic_regression,0.17979502196193264,0.7145299145299145,0.5543462506490381
logistic_regression,0.17979502196193264,0.7162393162393162,0.5542781950787945
logistic_regression,0.1800878477306003,0.7162393162393162,0.5538186903484992
logistic_regression,0.1800878477306003,0.717948717948718,0.5532630920447887
logistic_regression,0.18096632503660323,0.717948717948718,0.5518653626332841
logistic_regression,0.18096632503660323,0.7196581196581197,0.5513477183502618
logistic_regression,0.1821376281112738,0.7196581196581197,0.550570898970409
logistic_regression,0.1821376281112738,0.7213675213675214,0.550148452264478
logistic_regression,0.18301610541727673,0.7213675213675214,0.548475234343524
logistic_regression,0.18301610541727673,0.7230769230769231,0.5484382020454895
logistic_regression,0.18330893118594435,0.7230769230769231,0.547141396225443
logistic_regression,0.18330893118594435,0.7247863247863248,0.5470066984914247
logistic_regression,0.18623718887262078,0.7247863247863248,0.5422703189682357
logistic_regression,0.18623718887262078,0.7264957264957265,0.5405179275958499
logistic_regression,0.18653001464128843,0.7264957264957265,0.5397226410125878
logistic_regression,0.18653001464128843,0.7282051282051282,0.5392996252156578
logistic_regression,0.1882869692532943,0.7282051282051282,0.5363909532215341
logistic_regression,0.1882869692532943,0.7299145299145299,0.5363228516860732
logistic_regression,0.1903367496339678,0.7299145299145299,0.5326446698631742
logistic_regression,0.1903367496339678,0.7333333333333333,0.5321856541481463
logistic_regression,0.19062957540263542,0.7333333333333333,0.5320252219092388
logistic_regression,0.19062957540263542,0.7350427350427351,0.5318498590513104
logistic_regression,0.191800878477306,0.7350427350427351,0.5310243255969913
logistic_regression,0.191800878477306,0.7367521367521368,0.5303638656164286
logistic_regression,0.19326500732064422,0.7367521367521368,0.5290129044754105
logistic_regression,0.19326500732064422,0.7384615384615385,0.5288911208736188
logistic_regression,0.19472913616398244,0.7384615384615385,0.5260653449555529
logistic_regression,0.19472913616398244,0.7401709401709402,0.5255154902016516
logistic_regression,0.19882869692532942,0.7401709401709402,0.5205276424879801
logistic_regression,0.19882869692532942,0.7418803418803419,0.5200916397930786
logistic_regression,0.20087847730600292,0.7418803418803419,0.5181585704541639
logistic_regression,0.20087847730600292,0.7452991452991453,0.5173900512990993
logistic_regression,0.20146412884333822,0.7452991452991453,0.5172135480210177
logistic_regression,0.20146412884333822,0.747008547008547,0.516867719392806
logistic_regression,0.20263543191800878,0.747008547008547,0.5152079284152041
logistic_regression,0.20263543191800878,0.7487179487179487,0.5151789247715478
logistic_regression,0.204099560761347,0.7487179487179487,0.5122659859530783
logistic_regression,0.204099560761347,0.7504273504273504,0.5122216148622861
logistic_regression,0.20468521229868228,0.7504273504273504,0.5116024509685911
logistic_regression,0.20468521229868228,0.7521367521367521,0.5114528378940353
logistic_regression,0.20995607613469985,0.7521367521367521,0.5058885939155526
logistic_regression,0.20995607613469985,0.7538461538461538,0.505479397589742
logistic_regression,0.21346998535871156,0.7538461538461538,0.5014403642728471
logistic_regression,0.21346998535871156,0.7555555555555555,0.5009399665362325
logistic_regression,0.21405563689604684,0.7555555555555555,0.5008621979806072
logistic_regression,0.21405563689604684,0.7572649572649572,0.5003715209520493
logistic_regression,0.21464128843338215,0.7572649572649572,0.5002613614591455
logistic_regression,0.21464128843338215,0.7589743589743589,0.49993918383833036
logistic_regression,0.21961932650073207,0.7589743589743589,0.49630553596800847
logistic_regression,0.21961932650073207,0.7606837606837606,0.49613413949302465
logistic_regression,0.2199121522693997,0.7606837606837606,0.49602996187889575
logistic_regression,0.2199121522693997,0.7623931623931623,0.4957300717924701
logistic_regression,0.22020497803806735,0.7623931623931623,0.4954094575938181
logistic_regression,0.22020497803806735,0.764102564102564,0.4953393252600909
logistic_regression,0.22196193265007322,0.764102564102564,0.4934362339169789
logistic_regression,0.22196193265007322,0.7658119658119659,0.4929142862384901
logistic_regression,0.22284040995607612,0.7658119658119659,0.4926079097235929
logistic_regression,0.22284040995607612,0.7675213675213676,0.49227541592497054
logistic_regression,0.22693997071742314,0.7675213675213676,0.48634214198598313
logistic_regression,0.22693997071742314,0.7692307692307693,0.48624042882682156
logistic_regression,0.22781844802342607,0.7692307692307693,0.484881888718378
logistic_regression,0.22781844802342607,0.770940170940171,0.48451627958769916
logistic_regression,0.23045387994143485,0.770940170940171,0.4819039121317285
logistic_regression,0.23045387994143485,0.7726495726495727,0.4818759860670779
logistic_regression,0.2342606149341142,0.7726495726495727,0.4759043930669854
logistic_regression,0.2342606149341142,0.7743589743589744,0.47587599585865614
logistic_regression,0.23455344070278183,0.7743589743589744,0.47497872080571296
logistic_regression,0.23455344070278183,0.7777777777777778,0.4742201703065412
logistic_regression,0.23689604685212298,0.7777777777777778,0.472342702191181
logistic_regression,0.23689604685212298,0.7794871794871795,0.47123066143913905
logistic_regression,0.23718887262079064,0.7794871794871795,0.4709685958024314
logistic_regression,0.23718887262079064,0.7811965811965812,0.4705626558256587
logistic_regression,0.24158125915080528,0.7811965811965812,0.46571220514931133
logistic_regression,0.24158125915080528,0.7829059829059829,0.4655812221220056
logistic_regression,0.2418740849194729,0.7829059829059829,0.4647449256609237
logistic_regression,0.2418740849194729,0.7846153846153846,0.46468820042456127
logistic_regression,0.24392386530014643,0.7846153846153846,0.46263612980075225
logistic_regression,0.24392386530014643,0.7863247863247863,0.4620072190462791
logistic_regression,0.2445095168374817,0.7863247863247863,0.4617087640293618
logistic_regression,0.2445095168374817,0.788034188034188,0.4616696733299836
logistic_regression,0.24568081991215227,0.788034188034188,0.4599176467633337
logistic_regression,0.24568081991215227,0.7897435897435897,0.45964868955582244
logistic_regression,0.24626647144948755,0.7897435897435897,0.458523248513133
logistic_regression,0.24626647144948755,0.7914529914529914,0.4583478180533311
logistic_regression,0.24948755490483163,0.7914529914529914,0.4535281236412649
logistic_regression,0.24948755490483163,0.7931623931623931,0.45336786048026584
logistic_regression,0.2500732064421669,0.7931623931623931,0.45317174945213345
logistic_regression,0.2500732064421669,0.7948717948717948,0.4529359422773883
logistic_regression,0.2506588579795022,0.7948717948717948,0.4527926465535263
logistic_regression,0.2506588579795022,0.7965811965811965,0.4523685574353217
logistic_regression,0.25095168374816984,0.7965811965811965,0.45193118342891014
logistic_regression,0.25095168374816984,0.7982905982905983,0.4515867033626561
logistic_regression,0.2518301610541728,0.7982905982905983,0.4505961928375046
logistic_regression,0.2518301610541728,0.8,0.4503915379968711
logistic_regression,0.2547584187408492,0.8,0.44659164549810126
logistic_regression,0.2547584187408492,0.8017094017094017,0.4464722962875516
logistic_regression,0.2623718887262079,0.8017094017094017,0.4381147844475594
logistic_regression,0.2623718887262079,0.8034188034188035,0.43806781964341107
logistic_regression,0.26412884333821374,0.8034188034188035,0.4358217583464216
logistic_regression,0.26412884333821374,0.8051282051282052,0.4355602809660028
logistic_regression,0.26764275256222547,0.8051282051282052,0.4307813809254068
logistic_regression,0.26764275256222547,0.8085470085470086,0.430304919049945
logistic_regression,0.2685212298682284,0.8085470085470086,0.42938653404242977
logistic_regression,0.2685212298682284,0.8102564102564103,0.42923578136733315
logistic_regression,0.2691068814055637,0.8102564102564103,0.4290828043404054
logistic_regression,0.2691068814055637,0.811965811965812,0.4288919010652992
logistic_regression,0.26969253294289897,0.811965811965812,0.42744767029560904
logistic_regression,0.26969253294289897,0.8136752136752137,0.42699286432458927
logistic_regression,0.2711566617862372,0.8136752136752137,0.4254806853441686
logistic_regression,0.2711566617862372,0.8153846153846154,0.42547513093425204
logistic_regression,0.2734992679355783,0.8153846153846154,0.422256119817973
logistic_regression,0.2734992679355783,0.8170940170940171,0.42215492591203063
logistic_regression,0.27408491947291364,0.8170940170940171,0.42173023926532
logistic_regression,0.27408491947291364,0.8188034188034188,0.42144749804992987
logistic_regression,0.27437774524158126,0.8188034188034188,0.4205883101960604
logistic_regression,0.27437774524158126,0.8205128205128205,0.42009095867951507
logistic_regression,0.2773060029282577,0.8205128205128205,0.4173075306096349
logistic_regression,0.2773060029282577,0.8239316239316239,0.41667020618095385
logistic_regression,0.277891654465593,0.8239316239316239,0.4165173340188787
logistic_regression,0.277891654465593,0.8307692307692308,0.4158604361576062
logistic_regression,0.2796486090775988,0.8307692307692308,0.41408558468302586
logistic_regression,0.2796486090775988,0.8324786324786325,0.41386857241920133
logistic_regression,0.2802342606149341,0.8324786324786325,0.4136930365696403
logistic_regression,0.2802342606149341,0.8341880341880342,0.4134367675840535
logistic_regression,0.2843338213762811,0.8341880341880342,0.4082964186570094
logistic_regression,0.2843338213762811,0.8358974358974359,0.4077259868103508
logistic_regression,0.2849194729136164,0.8358974358974359,0.40669159457471843
logistic_regression,0.2849194729136164,0.841025641025641,0.40632456917631843
logistic_regression,0.2890190336749634,0.841025641025641,0.4006308482858998
logistic_regression,0.2890190336749634,0.8444444444444444,0.40026091276807263
logistic_regression,0.289311859443631,0.8444444444444444,0.40007420053451365
logistic_regression,0.289311859443631,0.8461538461538461,0.3998588919366072
logistic_regression,0.29019033674963396,0.8461538461538461,0.3997010844909269
logistic_regression,0.29019033674963396,0.8478632478632478,0.3994407524384551
logistic_regression,0.29077598828696927,0.8478632478632478,0.39920474220242447
logistic_regression,0.29077598828696927,0.8495726495726496,0.3986911384229865
logistic_regression,0.2910688140556369,0.8495726495726496,0.39863417178424937
logistic_regression,0.2910688140556369,0.8512820512820513,0.3982541778456757
logistic_regression,0.29282576866764276,0.8512820512820513,0.3961922551849816
logistic_regression,0.29282576866764276,0.852991452991453,0.3953811579495977
logistic_regression,0.2939970717423133,0.852991452991453,0.39402928602990195
logistic_regression,0.2939970717423133,0.8547008547008547,0.3938764471979801
logistic_regression,0.2951683748169839,0.8547008547008547,0.3933155598071817
logistic_regression,0.2951683748169839,0.8564102564102564,0.3932882561765573
logistic_regression,0.2966325036603221,0.8564102564102564,0.39212398582619795
logistic_regression,0.2966325036603221,0.8598290598290599,0.39099098892368517
logistic_regression,0.3021961932650073,0.8598290598290599,0.3858190066406674
logistic_regression,0.3021961932650073,0.8615384615384616,0.38554717231936086
logistic_regression,0.30453879941434847,0.8615384615384616,0.38375718868677977
logistic_regression,0.30453879941434847,0.8632478632478633,0.3834641793257668
logistic_regression,0.30571010248901903,0.8632478632478633,0.38314632558636463
logistic_regression,0.30571010248901903,0.864957264957265,0.3829673080938172
logistic_regression,0.30805270863836015,0.864957264957265,0.3798435084929076
logistic_regression,0.30805270863836015,0.8666666666666667,0.3796916765813162
logistic_regression,0.3103953147877013,0.8666666666666667,0.3767845132567074
logistic_regression,0.3103953147877013,0.8700854700854701,0.3760793171933273
logistic_regression,0.31068814055636895,0.8700854700854701,0.3758273318135295
logistic_regression,0.31068814055636895,0.8717948717948718,0.3757494402873184
logistic_regression,0.31478770131771594,0.8717948717948718,0.370426226796863
logistic_regression,0.31478770131771594,0.8735042735042735,0.37030011477538816
logistic_regression,0.3156661786237189,0.8735042735042735,0.3697892014826956
logistic_regression,0.3156661786237189,0.8752136752136752,0.36923568933683626
logistic_regression,0.318887262079063,0.8752136752136752,0.36476085282279147
logistic_regression,0.318887262079063,0.8769230769230769,0.3646747701847177
logistic_regression,0.3191800878477306,0.8769230769230769,0.36463952076697304
logistic_regression,0.3191800878477306,0.8803418803418803,0.36410193256178186
logistic_regression,0.32005856515373354,0.8803418803418803,0.36216882392021216
logistic_regression,0.32005856515373354,0.882051282051282,0.36214976673415344
logistic_regression,0.32855051244509514,0.882051282051282,0.35404043474943847
logistic_regression,0.32855051244509514,0.8837606837606837,0.3539404418401165
logistic_regression,0.33118594436310395,0.8837606837606837,0.350675843419645
logistic_regression,0.33118594436310395,0.8854700854700854,0.3506342286341958
logistic_regression,0.3320644216691069,0.8854700854700854,0.349222133130441
logistic_regression,0.3320644216691069,0.8871794871794871,0.3484835301898495
logistic_regression,0.3326500732064422,0.8871794871794871,0.34811059912133346
logistic_regression,0.3326500732064422,0.8888888888888888,0.34786040964659165
logistic_regression,0.3367496339677892,0.8888888888888888,0.34341596457900275
logistic_regression,0.3367496339677892,0.8905982905982905,0.34340910836937383
logistic_regression,0.3423133235724744,0.8905982905982905,0.33829671883110723
logistic_regression,0.3423133235724744,0.8923076923076924,0.3380727015926476
logistic_regression,0.34260614934114203,0.8923076923076924,0.33789957081039157
logistic_regression,0.34260614934114203,0.8940170940170941,0.33775525707677584
logistic_regression,0.34289897510980966,0.8940170940170941,0.33756288695334224
logistic_regression,0.34289897510980966,0.8957264957264958,0.33751745921981
logistic_regression,0.3461200585651537,0.8957264957264958,0.3346832298420488
logistic_regression,0.3461200585651537,0.8974358974358975,0.33451560182548756
logistic_regression,0.3472913616398243,0.8974358974358975,0.33385890148258585
logistic_regression,0.3472913616398243,0.8991452991452992,0.3337474190200066
logistic_regression,0.350805270863836,0.8991452991452992,0.3290131248319223
logistic_regression,0.350805270863836,0.9008547008547009,0.32884546755789124
logistic_regression,0.35168374816983894,0.9008547008547009,0.3274788006316824
logistic_regression,0.35168374816983894,0.9025641025641026,0.32734221028212457
logistic_regression,0.3534407027818448,0.9025641025641026,0.32540087754147035
logistic_regression,0.3534407027818448,0.9042735042735043,0.32510803738377547
logistic_regression,0.35431918008784774,0.9042735042735043,0.32440493508174434
logistic_regression,0.35431918008784774,0.905982905982906,0.3240902124637795
logistic_regression,0.35724743777452417,0.905982905982906,0.3212005999003014
logistic_regression,0.35724743777452417,0.9076923076923077,0.3207918167506084
logistic_regression,0.36339677891654465,0.9076923076923077,0.31587905615901324
logistic_regression,0.36339677891654465,0.9111111111111111,0.315020020670268
logistic_regression,0.36954612005856513,0.9111111111111111,0.3102984115679348
logistic_regression,0.36954612005856513,0.9128205128205128,0.3100598151310644
logistic_regression,0.3733528550512445,0.9128205128205128,0.30681688195399315
logistic_regression,0.3733528550512445,0.9145299145299145,0.3057540103893875
logistic_regression,0.37569546120058567,0.9145299145299145,0.30368211925448596
logistic_regression,0.37569546120058567,0.9162393162393162,0.30360764382429356
logistic_regression,0.37920937042459735,0.9162393162393162,0.3010420717488098
logistic_regression,0.37920937042459735,0.9179487179487179,0.30097705306101996
logistic_regression,0.38038067349926796,0.9179487179487179,0.29982451736595656
logistic_regression,0.38038067349926796,0.9196581196581196,0.2997776404751531
logistic_regression,0.3862371888726208,0.9196581196581196,0.29457965706467215
logistic_regression,0.3862371888726208,0.9213675213675213,0.2944914579218712
logistic_regression,0.3897510980966325,0.9213675213675213,0.29135141878062326
logistic_regression,0.3897510980966325,0.9247863247863248,0.2910213097195531
logistic_regression,0.39297218155197655,0.9247863247863248,0.28791150730290377
logistic_regression,0.39297218155197655,0.9264957264957265,0.28790421899162694
logistic_regression,0.3950219619326501,0.9264957264957265,0.28564801498823267
logistic_regression,0.3950219619326501,0.9282051282051282,0.28544812795983643
logistic_regression,0.39619326500732066,0.9282051282051282,0.2848189809562499
logistic_regression,0.39619326500732066,0.9299145299145299,0.28456923697761016
logistic_regression,0.40644216691068813,0.9299145299145299,0.27524624848180035
logistic_regression,0.40644216691068813,0.9316239316239316,0.27516733790486125
logistic_regression,0.4196193265007321,0.9316239316239316,0.26423197554372674
logistic_regression,0.4196193265007321,0.9333333333333333,0.26421164994019647
logistic_regression,0.4240117130307467,0.9333333333333333,0.260178642189278
logistic_regression,0.4240117130307467,0.935042735042735,0.25992562491779436
logistic_regression,0.424597364568082,0.935042735042735,0.2595545357211726
logistic_regression,0.424597364568082,0.9367521367521368,0.259528888032878
logistic_regression,0.42752562225475843,0.9367521367521368,0.25692981045562013
logistic_regression,0.42752562225475843,0.9384615384615385,0.2568594374925559
logistic_regression,0.42986822840409955,0.9384615384615385,0.25389817342284016
logistic_regression,0.42986822840409955,0.9401709401709402,0.2538191660869022
logistic_regression,0.4316251830161054,0.9401709401709402,0.2519754256754722
logistic_regression,0.4316251830161054,0.9418803418803419,0.251955894157345
logistic_regression,0.43191800878477304,0.9418803418803419,0.251828497455261
logistic_regression,0.43191800878477304,0.9435897435897436,0.2516519512440863
logistic_regression,0.4383601756954612,0.9435897435897436,0.24808580384847886
logistic_regression,0.4383601756954612,0.9452991452991453,0.24780226388470147
logistic_regression,0.44421669106881406,0.9452991452991453,0.24356403620517922
logistic_regression,0.44421669106881406,0.947008547008547,0.24352825492452895
logistic_regression,0.4445095168374817,0.947008547008547,0.2433034056899509
logistic_regression,0.4445095168374817,0.9487179487179487,0.24320500725221864
logistic_regression,0.44626647144948756,0.9487179487179487,0.2418156408313082
logistic_regression,0.44626647144948756,0.9504273504273504,0.2416692613436848
logistic_regression,0.4500732064421669,0.9504273504273504,0.2393446292272826
logistic_regression,0.4500732064421669,0.9521367521367521,0.23856901432726726
logistic_regression,0.4568081991215227,0.9521367521367521,0.23310649602746078
logistic_regression,0.4568081991215227,0.9538461538461539,0.23209075652040606
logistic_regression,0.4588579795021962,0.9538461538461539,0.22952878322072845
logistic_regression,0.4588579795021962,0.9555555555555556,0.22951262128050856
logistic_regression,0.46207906295754025,0.9555555555555556,0.22646378579404497
logistic_regression,0.46207906295754025,0.9572649572649573,0.2263864613795484
logistic_regression,0.46734992679355786,0.9572649572649573,0.22326655831539918
logistic_regression,0.46734992679355786,0.958974358974359,0.22259847694111448
logistic_regression,0.4679355783308931,0.958974358974359,0.2222039817415631
logistic_regression,0.4679355783308931,0.9606837606837607,0.22215666463457898
logistic_regression,0.47174231332357247,0.9606837606837607,0.21974787965286538
logistic_regression,0.47174231332357247,0.9623931623931624,0.21965621989930414
logistic_regression,0.48872620790629573,0.9623931623931624,0.21066089568098526
logistic_regression,0.48872620790629573,0.9641025641025641,0.21045428132773136
logistic_regression,0.493411420204978,0.9641025641025641,0.20760380257555702
logistic_regression,0.493411420204978,0.9658119658119658,0.20608059006100146
logistic_regression,0.51800878477306,0.9658119658119658,0.1923543443701845
logistic_regression,0.51800878477306,0.9675213675213675,0.19215785406965374
logistic_regression,0.5232796486090776,0.9675213675213675,0.18853343594479233
logistic_regression,0.5232796486090776,0.9692307692307692,0.18831881887155671
logistic_regression,0.5282576866764275,0.9692307692307692,0.18548446399244478
logistic_regression,0.5282576866764275,0.9709401709401709,0.18541885769691363
logistic_regression,0.5528550512445095,0.9709401709401709,0.1730402901539837
logistic_regression,0.5528550512445095,0.9726495726495726,0.17291669460773867
logistic_regression,0.5745241581259151,0.9726495726495726,0.15978597825999624
logistic_regression,0.5745241581259151,0.9743589743589743,0.15969307903908073
logistic_regression,0.5780380673499268,0.9743589743589743,0.15827116738672864
logistic_regression,0.5780380673499268,0.976068376068376,0.15812569183780167
logistic_regression,0.5944363103953147,0.976068376068376,0.14785047198568868
logistic_regression,0.5944363103953147,0.9777777777777777,0.14758046591610027
logistic_regression,0.5953147877013177,0.9777777777777777,0.14697639235934729
logistic_regression,0.5953147877013177,0.9794871794871794,0.14673680573643866
logistic_regression,0.6017569546120058,0.9794871794871794,0.14432954093652
logistic_regression,0.6017569546120058,0.9811965811965812,0.1441273029309284
logistic_regression,0.615519765739385,0.9811965811965812,0.13947045190668098
logistic_regression,0.615519765739385,0.9829059829059829,0.13931547190858115
logistic_regression,0.6363103953147877,0.9829059829059829,0.12863028650058866
logistic_regression,0.6363103953147877,0.9846153846153847,0.1283910596563852
logistic_regression,0.6497803806734993,0.9846153846153847,0.12370388424889808
logistic_regression,0.6497803806734993,0.9863247863247864,0.12367159557269114
logistic_regression,0.6749633967789166,0.9863247863247864,0.11166930149708001
logistic_regression,0.6749633967789166,0.9880341880341881,0.11155602871829275
logistic_regression,0.6843338213762811,0.9880341880341881,0.1074375151800624
logistic_regression,0.6843338213762811,0.9897435897435898,0.10741129100442957
logistic_regression,0.7136163982430453,0.9897435897435898,0.09487512594641449
logistic_regression,0.7136163982430453,0.9914529914529915,0.09483860300433322
logistic_regression,0.7171303074670571,0.9914529914529915,0.09395326802135887
logistic_regression,0.7171303074670571,0.9931623931623932,0.0938932032908606
logistic_regression,0.812298682284041,0.9931623931623932,0.062187817406275304
logistic_regression,0.812298682284041,0.9948717948717949,0.062116793064892054
logistic_regression,0.8872620790629575,0.9948717948717949,0.041916873615250955
logistic_regression,0.8872620790629575,0.9965811965811966,0.04191102594354687
logistic_regression,0.8875549048316251,0.9965811965811966,0.04188097950273864
logistic_regression,0.8875549048316251,0.9982905982905983,0.04184546850455476
logistic_regression,0.9297218155197657,0.9982905982905983,0.030139806013095252
logistic_regression,0.9297218155197657,1.0,0.03005948786732468
logistic_regression,1.0,1.0,0.00021633773610130384
